date,year,doy,DOR,solar rad kW-hr/m2,wind speed m/s,wind dir. Deg.,wind gust m/s,air temp ave. deg. C ,air temp max deg. C,air temp min deg. C,relative humidity ave. %,relative humidity max %,relative humidity min %,ASCE Et. Total mm,Penman Et. Total mm,Growing Degree Days 40,Growing Degree Days 50,Precip total mm
01/01/15,2015,1,1,3.265,1.31,311,5.98,4.1,13.7,-3.3,45,70,23,2.23,2.3,34,0,0
01/02/15,2015,2,2,3.247,0.96,293,4.83,5.5,14.5,-1.4,62,89,33,1.97,1.87,96,0,0
01/03/15,2015,3,3,3.15,1.13,302,5.52,6.5,15.2,0,73,92,45,1.96,1.96,145,0,0
01/04/15,2015,4,4,3.097,0.92,291,4.12,8.7,19.4,1.8,74,96,39,2.14,2.13,281,27,0
01/05/15,2015,5,5,3.23,0.87,309,4.44,14.2,26.6,5.7,50,81,16,2.9,2.89,534,280,0
01/06/15,2015,6,6,3.319,0.74,316,4.08,16.2,28.4,10.1,38,54,14,3.01,3.01,676,422,0
01/07/15,2015,7,7,3.17,0.79,290,4.31,15.9,27.2,8.8,41,60,19,2.89,2.94,621,367,0
01/08/15,2015,8,8,2.861,1.28,299,6.83,15.8,25.6,10.3,50,72,24,3.09,3.17,616,362,0
01/09/15,2015,9,9,2.796,1.4,311,6.24,13.5,21.1,7.5,61,86,30,2.68,2.62,451,197,0
01/10/15,2015,10,10,1.035,0.7,322,4.93,12.7,16.1,9.7,86,98,62,0.93,0.97,386,132,12.7
01/11/15,2015,11,11,1.509,1.18,283,4.47,12.9,17.2,10.6,93,99,74,1.24,1.28,432,178,6.6
01/12/15,2015,12,12,3.171,2.16,327,8.95,12.7,18.1,6.6,77,100,42,2.59,2.45,363,109,0
01/13/15,2015,13,13,3.342,1.08,309,4.51,10.9,19.8,4.2,73,92,43,2.38,2.35,345,91,0
01/14/15,2015,14,14,3.373,1.16,303,5.91,11.1,20.5,4.9,66,90,30,2.65,2.52,378,124,0
01/15/15,2015,15,15,3.52,1.28,298,6.79,11.1,21,4.6,57,82,24,2.92,2.85,383,129,0
01/16/15,2015,16,16,3.301,1.21,309,5.65,11,21.1,3.8,66,86,34,2.65,2.75,365,111,0
01/17/15,2015,17,17,3.407,1.32,301,4.77,13.8,23.8,6.6,58,83,27,3.11,3.17,492,238,0
01/18/15,2015,18,18,2.946,1.07,296,5.32,14.2,22.4,7.8,68,95,41,2.46,2.43,487,233,0
01/19/15,2015,19,19,3.446,1.3,314,9.54,12.9,24.4,6.2,76,96,35,2.97,3.1,495,241,0
01/20/15,2015,20,20,2.444,1.44,303,7.64,11,19.1,4.6,86,99,54,2.03,2.34,339,85,0
01/21/15,2015,21,21,3.634,1,294,5.13,10.7,21.4,1.7,70,100,25,2.73,2.65,324,70,0.25
01/22/15,2015,22,22,2.385,1.04,310,8.95,12,21.5,5.8,48,66,20,2.59,2.73,420,166,0
01/23/15,2015,23,23,3.747,1.04,286,5.85,12.5,22.8,5,46,64,18,3.15,3.13,433,179,0
01/24/15,2015,24,24,3.82,1.35,313,7.51,14,25.8,5.7,41,60,15,3.79,3.97,515,261,0
01/25/15,2015,25,25,3.651,1.4,315,5.52,15.5,25.9,7.3,33,54,16,3.82,4.06,556,302,0
01/26/15,2015,26,26,1.901,2.07,97,11.23,16.6,23.3,11.3,44,89,25,3.07,3.04,589,335,1.27
01/27/15,2015,27,27,3.42,1.4,299,5.36,13.2,18.5,9,83,97,52,2.44,2.26,425,171,0.76
01/28/15,2015,28,28,2.41,1.03,304,5.91,13.4,20.1,7.9,74,96,43,2.12,2.07,436,182,0
01/29/15,2015,29,29,2.705,0.9,304,5.91,13.8,22.6,7.7,68,89,33,2.44,2.45,489,235,0
01/30/15,2015,30,30,2.978,1.21,302,8.59,12,19.4,7,74,94,49,2.3,2.34,402,148,0
01/31/15,2015,31,31,3.568,1.47,316,6.5,13,20.7,6.8,76,99,36,2.86,2.79,426,172,0
02/01/15,2015,32,32,3.878,1.15,299,4.77,13.4,24.5,5.6,66,91,23,3.29,3.31,485,231,0
02/02/15,2015,33,33,3.95,1.06,279,6.6,14.4,25.6,6.3,58,87,26,3.32,3.4,527,273,0
02/03/15,2015,34,34,3.868,1.07,291,6.43,15,26.4,7.8,59,88,25,3.37,3.44,578,324,0
02/04/15,2015,35,35,4.115,0.89,272,5.2,14.8,27.5,7.4,63,95,21,3.41,3.38,594,340,0
02/05/15,2015,36,36,3.776,1.37,280,6.21,13.9,24.2,3.4,64,100,23,3.37,3.56,428,174,0
02/06/15,2015,37,37,4.048,2.89,186,12.18,14.5,21.7,5.7,55,97,20,4.19,3.71,423,169,0
02/07/15,2015,38,38,0.805,1.78,140,7.45,15.5,17.6,11.1,83,98,39,1.49,1.42,452,198,19.81
02/08/15,2015,39,39,2.333,1.64,210,7.18,15,21.6,8.4,89,100,68,1.99,2.67,483,229,4.06
02/09/15,2015,40,40,4.294,2.96,298,12.05,13.8,18.8,7.9,86,98,70,2.64,3.08,408,154,0.25
02/10/15,2015,41,41,4.397,1.21,273,5.36,13.6,23.3,7.7,72,97,33,3.33,3.28,504,250,0.25
02/11/15,2015,42,42,4.359,0.98,295,5.75,15.6,26.2,8.2,59,86,25,3.52,3.56,585,331,0
02/12/15,2015,43,43,4.478,1.4,285,7.51,16.6,26.9,9.6,45,65,15,4.27,4.45,632,378,0
02/13/15,2015,44,44,4.557,1.17,295,7.05,17,27.4,9,39,65,14,4.11,4.27,628,374,0
02/14/15,2015,45,45,4.381,1.42,282,6.73,17.4,27.5,9.8,43,67,17,4.28,4.54,650,396,0
02/15/15,2015,46,46,4.558,1.2,283,7.28,15.9,26.8,7.9,58,85,28,3.81,4.05,591,337,0
02/16/15,2015,47,47,4.607,1.3,260,5.85,14.2,23.5,6.7,75,99,43,3.32,3.57,486,232,0
02/17/15,2015,48,48,3.62,1.45,317,5.95,11.3,17.6,6.5,89,100,66,2.28,2.54,349,95,0
02/18/15,2015,49,49,3.827,1.27,321,4.77,12.2,23,6.5,86,100,47,2.9,3.26,470,216,0
02/19/15,2015,50,50,4.433,1.52,307,6.08,12,20.9,4.4,87,100,54,2.93,3.47,374,120,0.25
02/20/15,2015,51,51,4.194,1.63,316,6.33,12.2,20.4,7,86,100,51,2.94,3.25,424,170,0
02/21/15,2015,52,52,4.389,1.99,285,8.2,12.4,19,4.8,83,100,55,2.88,3.48,341,87,0.25
02/22/15,2015,53,53,1.78,1.37,203,7.35,11.1,14,6.4,87,97,68,1.37,1.59,264,10,4.57
02/23/15,2015,54,54,5.041,1.79,305,8.49,8.9,16.1,3.1,68,98,19,3.38,3.23,236,0,0.25
02/24/15,2015,55,55,5.016,1.89,339,9.54,10.6,21.6,1.7,59,89,22,4,4.53,330,76,0
02/25/15,2015,56,56,5.069,1.92,296,12.02,10.5,21.8,2.3,69,95,27,3.93,4.5,348,94,0
02/26/15,2015,57,57,4.715,2.09,311,11.99,11.3,24.2,2.2,74,98,24,4.26,4.96,402,148,0
02/27/15,2015,58,58,4.277,3.03,309,11.99,11.3,17.8,6.6,83,100,53,2.98,3.19,353,99,0.25
02/28/15,2015,59,59,2.862,1.81,299,7.55,9.7,13.7,4.8,75,97,50,2.1,2.21,219,0,1.02
03/01/15,2015,60,60,2.425,1.19,316,6.01,8.4,13.6,3.6,83,97,56,1.74,1.87,191,0,4.32
03/02/15,2015,61,61,3.616,1.22,322,8.95,6.9,14,1.9,85,97,58,2.11,2.36,161,0,8.89
03/03/15,2015,62,62,5.23,1.7,358,9.24,9.3,17.7,1.8,68,97,37,3.27,3.67,241,0,0.25
03/04/15,2015,63,63,5.357,1.49,302,7.64,11.5,21.3,3.1,59,90,26,3.79,4.17,354,100,0
03/05/15,2015,64,64,5.543,1.43,289,8.3,12,23,2.5,47,84,16,4.17,4.55,380,126,0
03/06/15,2015,65,65,5.698,2.08,360,12.67,16.3,27.4,3.7,32,68,9,5.59,6.45,509,255,0
03/07/15,2015,66,66,5.613,1.53,292,9.5,17.1,29.2,7.5,34,68,9,5.21,5.82,636,382,0
03/08/15,2015,67,67,5.722,1.72,274,10.39,14.2,24.2,5.5,56,99,22,4.44,4.85,476,222,0
03/09/15,2015,68,68,5.664,1.62,301,7.45,14.3,26.4,2.9,68,100,17,4.69,5.32,467,213,0
03/10/15,2015,69,69,4.603,1.53,213,9.67,17.1,29,8.4,51,88,11,4.67,5.15,652,398,0
03/11/15,2015,70,70,1.576,1.51,295,7.32,14.2,19,8.5,75,99,41,1.87,2.13,425,171,0
03/12/15,2015,71,71,5.752,1.76,11,8.98,17,28.3,8.1,60,100,22,4.96,5.59,628,374,0
03/13/15,2015,72,72,5.322,1.92,304,11.47,19.6,30.5,9.9,40,63,14,5.63,6.67,720,466,0
03/14/15,2015,73,73,5.54,2.02,1,11.23,21.8,30.9,13.8,29,53,12,6.01,7.01,818,564,0
03/15/15,2015,74,74,4.611,1.3,299,7.68,20.7,30.6,12.1,35,59,16,4.66,5.43,773,519,0
03/16/15,2015,75,75,5.135,1.4,296,7.48,18.9,29.4,10,44,65,16,4.84,5.6,699,445,0
03/17/15,2015,76,76,2.5,1.63,347,10.19,14.7,24.5,8.7,67,95,28,3.1,3.54,555,301,0
03/18/15,2015,77,77,5.235,1.67,288,9.67,14.4,23.8,7.7,76,99,40,3.88,4.53,516,262,0
03/19/15,2015,78,78,5.989,1.81,291,8.36,15.5,27.4,6.9,63,96,23,4.98,5.8,580,326,0
03/20/15,2015,79,79,5.692,1.74,292,7.68,16.1,26.4,7.1,58,93,19,4.8,5.46,564,310,0
03/21/15,2015,80,80,6.048,1.72,289,9.34,14.1,25.1,6.3,66,98,27,4.58,5.3,515,261,0
03/22/15,2015,81,81,5.622,2.46,296,8.88,14.1,22.6,8.3,75,97,28,4.5,4.78,504,250,0
03/23/15,2015,82,82,5.962,3.61,293,13.59,13.2,22.8,4.9,71,98,31,4.95,5.21,431,177,0
03/24/15,2015,83,83,6.002,3.91,351,15.42,17.2,24.8,7.3,46,92,22,5.85,5.61,530,276,0
03/25/15,2015,84,84,6.229,2.69,321,21.27,19.5,28.2,10.6,46,78,21,6.02,6.53,682,428,0
03/26/15,2015,85,85,6.383,1.62,286,8.2,20.9,32.3,10.6,34,77,11,5.94,6.91,778,524,0
03/27/15,2015,86,86,6.5,1.64,259,7.87,19.4,31.4,9.2,46,89,12,5.81,6.71,724,470,0
03/28/15,2015,87,87,6.41,1.73,286,8.2,17.3,29.3,5.6,60,100,19,5.38,6.44,596,342,0
03/29/15,2015,88,88,6.399,1.92,287,10.39,18.8,29.2,10.1,48,73,20,5.69,6.86,697,443,0
03/30/15,2015,89,89,6.547,1.74,266,8.75,17.5,28.9,7.6,52,92,20,5.42,6.43,632,378,0
03/31/15,2015,90,90,5.933,2.76,294,13.2,13.6,26.1,6.3,72,100,28,5.21,5.88,537,283,0
04/01/15,2015,91,91,6.744,3.56,339,14.21,15.4,26.1,4,41,88,10,6.69,6.58,485,231,0
04/02/15,2015,92,92,6.79,3.14,10,13.07,15.8,23.8,2,33,95,12,5.84,6.08,386,132,0
04/03/15,2015,93,93,6.78,1.73,303,10.35,15.8,27.4,5.6,29,65,9,5.62,6.76,551,297,0
04/04/15,2015,94,94,6.728,2.06,304,9.93,14.2,25.6,3.7,48,88,18,5.31,6.51,467,213,0
04/05/15,2015,95,95,6.497,2.26,299,10.45,10.4,19,1.2,71,98,30,4.1,4.99,257,3,0
04/06/15,2015,96,96,6.374,2.66,300,11.53,10,17.2,2.2,60,95,24,4.15,4.6,242,0,0
04/07/15,2015,97,97,2.487,1.85,316,8.75,8.6,14.2,2.3,81,93,50,2.02,2.65,176,0,9.91
04/08/15,2015,98,98,6.82,2.85,315,12.51,11.4,20.2,5,63,90,26,4.78,5.32,374,120,0
04/09/15,2015,99,99,6.265,1.63,288,8.72,12.1,22.5,2.8,57,91,19,4.42,5.28,374,120,0
04/10/15,2015,100,100,5.876,1.98,292,10,11.7,21,3.2,63,96,31,4.07,5.09,350,96,0
04/11/15,2015,101,101,6.879,2.33,320,12.74,13.9,26.7,3.3,58,94,16,5.74,6.84,482,228,0
04/12/15,2015,102,102,7.013,2.21,244,13.26,17.6,26.2,8.9,53,83,27,5.48,6.65,600,346,0
04/13/15,2015,103,103,6.888,1.93,269,7.74,13.5,24,5.7,73,97,36,4.68,5.94,477,223,0
04/14/15,2015,104,104,7.153,2.96,16,14.08,15.9,23.9,8.2,45,93,15,5.82,6.05,531,277,0
04/15/15,2015,105,105,7.231,2.42,224,11.63,16,26,5.9,29,64,13,6.09,7.22,527,273,0
04/16/15,2015,106,106,7.251,1.81,261,9.31,16.3,26.1,6.9,26,55,9,5.74,7.08,552,298,0
04/17/15,2015,107,107,7.205,2.07,286,10.94,17.2,27.6,7.6,26,47,10,6.19,7.79,600,346,0
04/18/15,2015,108,108,7.144,1.93,291,8.43,16.3,26.6,6.5,42,85,19,5.51,6.83,555,301,0
04/19/15,2015,109,109,7.144,1.65,243,8.65,14.2,26,4.1,64,91,23,5.09,6.37,486,232,0
04/20/15,2015,110,110,6.402,1.83,292,9.34,12.4,23,4.8,75,99,36,4.29,5.49,432,178,0
04/21/15,2015,111,111,1.819,1.51,258,6.73,12.8,16,10.5,76,88,60,1.7,2.03,403,149,0
04/22/15,2015,112,112,3.456,1.63,276,7.25,13.5,18.8,9.8,74,88,52,2.69,3.28,452,198,0
04/23/15,2015,113,113,4.743,2.18,286,9.24,13.2,18.6,9.4,73,88,54,3.24,4.07,438,184,0
04/24/15,2015,114,114,6.21,2.43,287,12.32,12.6,20.1,5.7,71,93,40,4.07,5.07,385,131,0
04/25/15,2015,115,115,3.289,3.09,302,11.79,11.4,15.6,7.8,82,96,66,2.24,2.8,332,78,5.33
04/26/15,2015,116,116,7.252,3.42,295,12.9,14.4,22.3,5.3,61,95,31,5.19,5.98,429,175,0
04/27/15,2015,117,117,7.389,2.13,296,9.83,18.6,28,9,46,76,19,5.99,7.48,643,389,0
04/28/15,2015,118,118,7.456,1.85,291,9.18,19.8,30.8,8.6,48,78,15,6.22,7.87,696,442,0
04/29/15,2015,119,119,6.867,1.65,273,7.68,19.3,30.6,7,53,93,21,5.58,7.14,657,403,0
04/30/15,2015,120,120,7.022,2.8,115,11.4,21.8,30.5,11.4,32,74,12,7.01,7.81,754,500,0
05/01/15,2015,121,121,7.528,2.44,173,10.88,19.2,29.9,8.5,34,74,13,6.73,8.08,674,420,0
05/02/15,2015,122,122,7.655,1.73,238,7.94,16.8,28.2,6.6,50,88,10,5.83,7.19,592,338,0
05/03/15,2015,123,123,7.178,1.7,285,8.59,13.1,23.7,4.8,70,98,35,4.57,5.94,448,194,0
05/04/15,2015,124,124,7.11,1.89,298,8.62,12,21.6,3.8,73,97,40,4.28,5.75,378,124,0
05/05/15,2015,125,125,5.822,2.02,304,8.69,12.7,19.4,7.9,71,87,47,3.71,4.85,422,168,0
05/06/15,2015,126,126,6.003,2.58,285,9.57,11.5,16.7,6.4,71,88,46,3.6,4.5,326,72,0
05/07/15,2015,127,127,4.327,2.23,261,10.58,11.2,15.1,8.6,70,95,44,2.89,3.17,340,86,4.06
05/08/15,2015,128,128,3.635,1.5,249,8.13,11.8,18.8,6.2,79,97,49,2.6,3.32,369,115,0
05/09/15,2015,129,129,6.893,2.43,286,11.6,13.6,20.6,7,73,94,50,4.11,5.43,428,174,0
05/10/15,2015,130,130,7.335,1.79,266,9.57,15.9,26.7,8.1,69,96,35,5.08,6.63,592,338,0
05/11/15,2015,131,131,6.566,2.13,286,9.96,13.2,23.4,6.2,73,99,36,4.45,5.86,472,218,0
05/12/15,2015,132,132,7.247,2.29,284,9.6,12.3,20.7,4.7,67,93,33,4.5,5.79,379,125,0
05/13/15,2015,133,133,6.327,2.04,296,13.23,11.8,19.5,4.4,64,92,26,4.1,5.18,343,89,0
05/14/15,2015,134,134,2.881,1.95,133,8.78,10.8,15.3,6.5,75,92,50,2.27,2.82,296,42,3.05
05/15/15,2015,135,135,5.86,2.71,302,12.25,12.4,18.7,6.3,74,96,46,3.65,4.64,368,114,0
05/16/15,2015,136,136,6.968,2.17,286,9.5,13.3,20.4,6.6,72,96,43,4.15,5.46,414,160,0
05/17/15,2015,137,137,4.533,1.78,280,7.94,13.3,20.1,7.8,73,92,40,3.28,4.17,435,181,0
05/18/15,2015,138,138,7.564,2.72,297,10.06,13.7,19.1,10.2,68,87,42,4.53,5.51,468,214,0
05/19/15,2015,139,139,6.595,2.48,282,10,13.8,20.5,10.2,69,86,44,4.27,5.37,500,246,0
05/20/15,2015,140,140,6.691,2.36,277,9.73,13.6,20.5,8.7,71,89,41,4.25,5.42,466,212,0
05/21/15,2015,141,141,3.624,2.3,292,9.15,13.7,18.5,10.2,67,87,43,3.02,3.59,452,198,0
05/22/15,2015,142,142,6.802,2.85,300,10.85,14,21.2,6,70,93,42,4.33,5.65,419,165,0
05/23/15,2015,143,143,7.07,3.26,288,12.15,13.9,20.6,10.2,72,86,48,4.48,5.61,502,248,0
05/24/15,2015,144,144,6.949,2.42,270,10.22,14.6,21.9,8.5,70,91,46,4.36,5.79,493,239,0
05/25/15,2015,145,145,7.206,2,294,8.46,15.1,23.5,9.4,72,91,42,4.58,6.17,549,295,0
05/26/15,2015,146,146,6.816,2.1,301,9.37,14.3,22.7,8.5,73,89,44,4.34,5.94,510,256,0
05/27/15,2015,147,147,7.32,2.12,297,8.69,14.4,22.4,8.1,73,92,46,4.4,6.06,494,240,0
05/28/15,2015,148,148,7.645,2.01,274,9.54,15.5,26.4,6.1,70,98,33,5.11,7.11,540,286,0
05/29/15,2015,149,149,7.68,1.95,270,7.94,16.9,28.3,7.4,67,99,34,5.33,7.42,613,359,0
05/30/15,2015,150,150,7.982,1.78,189,8.1,18.6,30.7,7.9,62,91,28,5.82,8,680,426,0
05/31/15,2015,151,151,7.908,2.01,256,9.12,15.6,27.2,6.8,68,96,34,5.29,7.41,575,321,0
06/01/15,2015,152,152,7.733,2.72,298,12.22,15.6,24.9,7,71,98,32,5.25,6.77,526,272,0
06/02/15,2015,153,153,7.871,2.57,256,10.78,17.4,25,11.7,69,92,44,5.16,6.71,636,382,0
06/03/15,2015,154,154,7.361,2.7,265,11.2,15.3,23.1,11.6,74,93,43,4.74,6.02,590,336,0
06/04/15,2015,155,155,6.619,2.31,284,8.39,13.5,19.4,7.6,73,89,50,3.78,5.24,414,160,0
06/05/15,2015,156,156,7.807,2.15,284,10.48,15.4,23.3,6.7,67,93,42,4.67,6.55,482,228,0
06/06/15,2015,157,157,1.465,0.81,302,3.98,10.7,19.1,7.2,89,98,59,1.32,1.94,400,146,0
06/07/15,2015,158,158,6.967,2.2,217,8.23,24.2,32.3,9.1,50,97,26,5.9,8.08,742,488,0
06/08/15,2015,159,159,7.826,2.47,247,10.39,28.2,36.4,17.1,36,62,16,7.68,9.71,1019,765,0
06/09/15,2015,160,160,1,1.14,312,5.78,17.9,21.2,14.2,79,95,59,1.23,1.68,606,352,6.35
06/10/15,2015,161,161,7.46,2.37,278,10.26,21.4,28.3,13.7,72,96,47,5.18,7.02,756,502,0
06/11/15,2015,162,162,7.115,2.14,229,9.77,18.6,27.2,12.4,75,97,46,4.82,6.65,704,450,0
06/12/15,2015,163,163,7.603,1.97,248,8.85,20,30.8,11.3,68,97,37,5.55,7.77,759,505,0
06/13/15,2015,164,164,7.725,2.19,256,9.73,19.6,28.8,11.7,67,91,40,5.5,7.54,722,468,0
06/14/15,2015,165,165,7.996,2.11,258,8.92,18.5,29.2,10.1,69,97,34,5.72,7.74,694,440,0
06/15/15,2015,166,166,8.14,2.17,268,9.5,17.6,29.8,8.6,67,99,21,6.18,8.02,674,420,0
06/16/15,2015,167,167,8.035,1.97,270,9.63,18.9,31.8,6.6,60,98,18,6.32,8.57,673,419,0
06/17/15,2015,168,168,8.193,1.95,251,8.1,20.9,33.4,8.9,54,90,21,6.62,9,763,509,0
06/18/15,2015,169,169,8.351,2.34,274,12.61,21.5,33.6,9.9,47,85,12,7.37,9.27,790,536,0
06/19/15,2015,170,170,8.257,2.45,290,12.54,20.1,30.1,9.5,49,79,18,6.72,8.5,703,449,0
06/20/15,2015,171,171,8.312,2.3,290,12.38,22,35.4,11.3,45,74,14,7.62,9.82,865,611,0
06/21/15,2015,172,172,7.964,2.44,283,11.92,19.6,30.8,8.9,50,85,14,6.68,8.43,705,451,0
06/22/15,2015,173,173,8.185,2.27,272,11.3,17.3,28.5,5.9,60,94,24,6.03,8.01,584,330,0
06/23/15,2015,174,174,8.005,2.35,268,11.14,17.6,29.9,5.9,61,97,20,6.29,8.24,617,363,0
06/24/15,2015,175,175,7.887,1.99,252,7.71,17.9,29.2,7.7,64,94,32,5.6,7.88,641,387,0
06/25/15,2015,176,176,8.074,1.85,264,8.82,21.3,33,8.5,53,91,17,6.47,8.7,746,492,0
06/26/15,2015,177,177,7.943,1.89,239,8.62,21.3,33.5,11.3,55,86,21,6.44,8.71,822,568,0
06/27/15,2015,178,178,5.64,1.64,242,8.78,19.8,31.8,10.5,62,88,26,4.68,6.79,764,510,0
06/28/15,2015,179,179,7.449,2.11,264,8.75,20.5,29.1,11.4,63,91,35,5.41,7.48,724,470,0
06/29/15,2015,180,180,7.536,1.73,258,6.96,22.6,34.1,10.8,57,91,26,5.98,8.33,824,570,0
06/30/15,2015,181,181,7.529,2.08,203,9.21,26.2,37.2,14.3,43,82,14,7.05,9.49,976,722,0
07/01/15,2015,182,182,3.65,1.57,255,8.07,25.4,33.8,17.6,41,60,17,4.4,6.2,972,718,0
07/02/15,2015,183,183,6.199,2,230,8.65,23.9,32.2,16.3,52,76,26,5.25,7.54,907,653,0
07/03/15,2015,184,184,7.805,1.97,245,9.05,22.1,31.7,13.4,57,89,23,6.16,8.15,829,575,0
07/04/15,2015,185,185,7.831,2.06,272,9.08,19.3,29.5,11.3,69,94,39,5.57,7.69,729,475,0
07/05/15,2015,186,186,7.398,1.98,292,8.39,18.8,28.1,12,72,96,41,5.04,7.01,714,460,0
07/06/15,2015,187,187,7.306,2.09,287,9.44,18.2,26.6,11.8,73,95,46,4.77,6.7,676,422,0
07/07/15,2015,188,188,7.368,2.67,294,10.97,18.6,26.3,12.3,72,91,45,5.03,6.73,678,424,0
07/08/15,2015,189,189,7.224,2.34,282,9.37,17.9,25.1,10.9,70,91,39,4.79,6.5,620,366,0
07/09/15,2015,190,190,5.53,2.1,276,9.41,17.6,23.8,11.2,67,90,45,3.59,5.38,597,343,0
07/10/15,2015,191,191,7.646,2.16,284,9.83,17.5,25.6,9.2,69,93,44,4.88,6.84,593,339,0
07/11/15,2015,192,192,7.679,2.34,293,9.5,19.2,26.6,13.6,66,88,43,5.26,6.96,716,462,0
07/12/15,2015,193,193,7.748,2.26,288,9.24,19.6,28.7,11.2,63,91,38,5.55,7.53,709,455,0
07/13/15,2015,194,194,7.669,2.11,279,8.78,19.1,28.7,10.5,68,93,39,5.37,7.49,692,438,0
07/14/15,2015,195,195,7.284,2.28,287,9.21,18.9,26.9,12.9,73,96,44,4.92,6.64,708,454,0
07/15/15,2015,196,196,7.644,2.08,246,8.1,18.7,27.3,11.6,70,91,41,5.18,7.12,685,431,0
07/16/15,2015,197,197,7.773,1.74,262,8.65,19.1,29.1,9.8,68,95,38,5.3,7.28,685,431,0
07/17/15,2015,198,198,7.889,1.65,265,8.17,19.2,30.9,9.1,65,97,26,5.69,7.63,711,457,0
07/18/15,2015,199,199,4.522,2.05,155,11.33,20.9,29,8.7,56,94,18,4.21,6.1,659,405,0
07/19/15,2015,200,200,4.962,1.79,221,8.49,24.4,31.2,18.9,62,87,42,3.98,5.82,942,688,1.27
07/20/15,2015,201,201,2.966,1.67,266,8.95,23.8,29.6,18,68,90,48,2.9,4.19,886,632,0
07/21/15,2015,202,202,5.618,2.06,266,9.02,22.7,28.9,16.5,73,94,53,3.88,5.91,833,579,0
07/22/15,2015,203,203,5.816,1.9,259,8.13,20.1,26.8,13.5,73,91,54,3.69,5.82,718,464,0
07/23/15,2015,204,204,7.42,2.01,289,9.24,19.5,29.5,11.9,68,94,34,5.38,7.38,743,489,0
07/24/15,2015,205,205,7.615,2.05,298,10.75,21.5,32.3,11.3,56,91,30,6,8.28,793,539,0
07/25/15,2015,206,206,7.765,2.41,299,11.56,21.6,32.4,11.8,54,89,21,6.61,8.39,806,552,0
07/26/15,2015,207,207,7.439,2.31,295,9.77,18.2,27.1,11.8,72,98,41,5.07,6.74,684,430,0
07/27/15,2015,208,208,7.657,2.42,288,10.45,19.3,29.2,10.9,68,99,34,5.66,7.4,714,460,0
07/28/15,2015,209,209,7.563,2.01,275,9.8,21.3,31.8,10.4,60,93,32,5.79,8.11,761,507,0
07/29/15,2015,210,210,7.499,1.84,258,8.69,22,32.6,10.1,60,93,30,5.77,8.07,772,518,0
07/30/15,2015,211,211,5.773,1.81,250,7.18,23.6,33.9,14.9,57,81,32,4.76,7.32,914,660,0
07/31/15,2015,212,212,6.806,1.86,270,9.21,23.1,31.8,15.6,61,91,38,5.17,7.19,881,627,0
08/01/15,2015,213,213,7.534,2.03,279,8.78,20.3,29.9,11.7,67,91,40,5.43,7.6,749,495,0
08/02/15,2015,214,214,6.441,1.99,286,9.44,19.2,29.9,12.1,71,95,39,4.67,6.86,758,504,0
08/03/15,2015,215,215,6.974,2.37,282,10.13,19.3,29,12.4,69,92,38,5.16,7.02,743,489,0
08/04/15,2015,216,216,6.98,2.33,288,10.45,19.1,27.8,11.5,65,92,32,5.12,6.82,695,441,0
08/05/15,2015,217,217,6.095,2.03,276,9.34,19.3,30.8,11,67,92,34,4.68,7.08,751,497,0
08/06/15,2015,218,218,4.478,1.85,264,7.58,20.1,28.6,13.7,69,91,38,3.31,5.35,765,511,0
08/07/15,2015,219,219,6.901,2.08,299,8.62,18.5,27.8,11.8,73,97,38,4.77,6.6,701,447,0
08/08/15,2015,220,220,7.244,1.96,284,9.67,18.3,27.6,10,71,95,41,4.84,6.82,657,403,0
08/09/15,2015,221,221,7.195,1.97,262,8.59,19.2,28.1,10.6,70,98,43,4.83,6.82,682,428,0
08/10/15,2015,222,222,5.81,1.75,288,8.36,17.8,26.9,11.4,76,96,46,3.69,5.63,672,418,0
08/11/15,2015,223,223,6.949,2.07,298,8.72,18.7,27.9,11.9,73,96,43,4.73,6.64,708,454,0
08/12/15,2015,224,224,7.477,1.82,288,9.44,19.4,31.2,9.8,66,96,27,5.6,7.56,733,479,0
08/13/15,2015,225,225,7.203,2,286,8.88,20,32.3,9.9,65,98,25,5.73,7.91,762,508,0
08/14/15,2015,226,226,7.255,1.76,295,8.33,21.8,34.1,11.1,59,92,24,5.85,8.01,829,575,0
08/15/15,2015,227,227,0,0.51,314,2.38,14.9,15.6,14.3,79,82,76,0.2,0.71,482,228,0
08/16/15,2015,228,228,0,0.55,344,1.76,20.1,23.8,18.2,62,67,53,0.48,1.5,756,502,0
08/17/15,2015,229,229,7.096,1.88,262,8.65,25.1,34.9,15.3,51,86,26,5.99,8.11,945,691,0
08/18/15,2015,230,230,7.071,2.02,260,8.49,21.5,32.2,11.8,66,95,34,5.48,7.7,802,548,0
08/19/15,2015,231,231,6.751,2.39,294,10.42,19.5,30.8,12.7,70,99,25,5.52,7.03,790,536,0
08/20/15,2015,232,232,6.216,2.27,285,9.57,18.5,28.3,12.1,74,95,40,4.46,6.33,721,467,0
08/21/15,2015,233,233,6.527,2.17,300,10,18.9,28.3,12.3,72,91,41,4.63,6.54,724,470,0
08/22/15,2015,234,234,6.575,2.29,308,9.34,19.2,29.6,12.8,72,98,35,4.95,6.64,766,512,0
08/23/15,2015,235,235,6.809,1.8,290,8.46,19.9,31.5,10.4,66,97,32,5.08,7.12,754,500,0
08/24/15,2015,236,236,6.826,1.94,265,8.2,21.3,32.1,11.3,63,93,35,5.24,7.46,788,534,0
08/25/15,2015,237,237,6.08,1.7,252,7.9,22.4,33.4,11.8,60,91,30,4.79,7.04,831,577,0
08/26/15,2015,238,238,6.651,2.08,277,9.12,25.4,35.9,15.6,47,78,23,6.08,8.39,974,720,0
08/27/15,2015,239,239,6.644,2.03,295,10.91,27.2,38.9,17,36,58,16,6.61,9.39,1074,820,0
08/28/15,2015,240,240,6.747,2.13,288,8.98,26.9,38.1,17.2,36,60,15,6.72,9.2,1062,808,0
08/29/15,2015,241,241,6.601,2.6,302,10.81,22.8,33.1,14.9,58,91,26,5.97,7.44,893,639,0
08/30/15,2015,242,242,6.163,2.18,260,11.04,20,29.4,12.9,69,92,37,4.61,6.47,763,509,0
08/31/15,2015,243,243,6.522,1.85,264,8.39,18.8,28.9,10.4,69,94,38,4.54,6.47,695,441,0
09/01/15,2015,244,244,5.831,1.87,293,8.1,18.1,27.4,11.4,75,98,46,3.8,5.69,684,430,0
09/02/15,2015,245,245,6.313,1.81,278,8.59,17.9,27.3,10.8,72,94,42,4.14,5.93,669,415,0
09/03/15,2015,246,246,5.623,2.17,292,9.83,17.6,25.9,9.6,70,98,44,3.64,5.53,608,354,0
09/04/15,2015,247,247,6.134,1.91,297,9.05,16.2,25.3,9.1,72,93,42,3.85,5.65,583,329,0
09/05/15,2015,248,248,6.491,1.77,290,9.96,17.1,27.2,8.3,64,95,35,4.29,6.07,610,356,0
09/06/15,2015,249,249,6.571,1.47,282,8.78,21.2,33.5,11,40,78,16,5.11,7.06,814,560,0
09/07/15,2015,250,250,6.572,1.72,284,9.44,23.7,33.9,12.9,34,57,14,5.54,7.77,866,612,0
09/08/15,2015,251,251,6.251,1.64,296,9.18,26.3,36.6,16.9,33,48,20,5.49,7.99,1019,765,0
09/09/15,2015,252,252,6.024,1.7,288,8.98,28.2,38.1,19.2,34,48,19,5.59,8.22,1109,854,0
09/10/15,2015,253,253,5.393,1.72,286,8.49,28.7,36.3,21.4,41,59,27,4.86,7.29,1115,861,0
09/11/15,2015,254,254,5.179,1.63,287,8.56,28.1,37.2,21,43,63,21,4.7,7.12,1127,874,0
09/12/15,2015,255,255,4.146,2,286,8.59,26.1,33.4,19.4,49,63,34,3.81,6.54,1002,748,0
09/13/15,2015,256,256,6.015,1.73,278,10.29,24.7,33.4,17.1,52,77,22,4.99,6.83,953,699,0
09/14/15,2015,257,257,3.359,1.58,234,7.25,21.6,28.2,17.9,67,91,45,2.28,3.9,849,595,0
09/15/15,2015,258,258,1.195,1.65,282,6.47,17.7,20.3,14.9,90,97,75,1.07,1.67,601,347,5.08
09/16/15,2015,259,259,5.467,1.98,282,10.06,16.6,24.7,9.7,73,96,33,3.55,5.08,582,328,0.25
09/17/15,2015,260,260,6.158,2.33,305,11.99,16.6,27.6,8.4,68,96,29,4.58,6.11,620,366,0
09/18/15,2015,261,261,6.184,1.64,298,7.61,21.2,33.4,10.7,48,83,18,4.99,6.93,805,551,0
09/19/15,2015,262,262,6.049,1.62,289,9.77,25.4,36.3,15.2,35,61,16,5.27,7.5,976,722,0
09/20/15,2015,263,263,5.821,1.66,279,9.5,27.3,37,19.4,36,52,23,5.23,7.6,1087,834,0
09/21/15,2015,264,264,5.701,1.99,269,10.35,25.4,38,16.1,48,85,18,5.6,7.85,1033,779,0
09/22/15,2015,265,265,5.691,1.98,284,9.12,21.1,31,12.5,69,93,27,4.52,6.31,792,538,0
09/23/15,2015,266,266,5.837,1.69,307,8.62,20.5,32.5,11.4,61,99,24,4.57,6.29,800,546,0
09/24/15,2015,267,267,5.823,1.49,294,8.95,25.5,37.4,15.1,38,66,13,5.05,7.24,997,743,0
09/25/15,2015,268,268,5.67,1.61,287,8.13,24.4,35.3,15.7,49,80,21,4.78,6.69,963,709,0
09/26/15,2015,269,269,5.645,1.56,286,8.13,23.5,35.5,14,54,83,22,4.7,6.68,927,673,0
09/27/15,2015,270,270,4.93,1.47,283,8.1,22.1,32.5,13.3,56,83,27,3.72,5.68,844,590,0
09/28/15,2015,271,271,5.303,1.55,279,8.17,20.3,30.9,11.8,57,85,21,3.97,5.69,773,519,0
09/29/15,2015,272,272,5.576,2.4,291,13,18.1,29.6,8.7,64,93,22,4.73,6.21,672,418,0
09/30/15,2015,273,273,5.468,2.4,295,12.48,19.8,32.5,10.7,56,91,21,5.09,6.68,783,529,0
10/01/15,2015,274,274,5.162,2.77,305,13.62,18.5,28.5,11.4,66,95,27,4.42,5.5,710,456,0
10/02/15,2015,275,275,5.371,2,315,10.68,19.6,29.8,12.7,66,97,23,4.24,5.69,768,514,0
10/03/15,2015,276,276,5.386,2.03,280,8.46,17.6,27.8,10.1,71,94,36,3.83,5.54,663,409,0
10/04/15,2015,277,277,3.156,2.06,111,9.41,14.7,19.6,9.9,75,92,50,1.76,3.13,470,216,0
10/05/15,2015,278,278,4.869,1.81,295,10.22,15.9,24.6,8.4,70,94,38,3.01,4.57,551,297,0
10/06/15,2015,279,279,5.154,2.04,296,10.29,17.4,25.8,10.7,68,92,36,3.5,5,632,378,0
10/07/15,2015,280,280,5.171,1.93,298,11.4,18.9,31.8,10.3,66,96,24,4.26,6.12,761,507,0
10/08/15,2015,281,281,4.52,1.69,300,9.02,23,36,13.9,50,80,15,4.16,6.38,938,684,0
10/09/15,2015,282,282,5.136,1.92,286,8.62,26.4,37.8,15.6,42,75,14,5.16,7.38,1019,765,0
10/10/15,2015,283,283,5.003,1.9,270,8.69,26.6,35.4,16.8,36,74,19,4.67,6.69,989,735,0
10/11/15,2015,284,284,4.991,1.67,287,9.18,25.2,35.9,17.7,41,66,18,4.47,6.49,1022,768,0
10/12/15,2015,285,285,4.832,1.43,270,7.51,25.8,35,16.4,38,62,21,3.93,5.96,971,717,0
10/13/15,2015,286,286,4.363,2.05,245,8.82,25.6,32,19.1,53,90,32,3.7,5.2,965,711,0
10/14/15,2015,287,287,3.747,1.46,294,8.1,22.8,31.1,17.8,76,94,45,2.55,4.18,916,662,0
10/15/15,2015,288,288,4.296,1.69,240,9.47,20.6,26.9,14.9,84,99,52,2.59,3.94,752,498,0.51
10/16/15,2015,289,289,0,1.17,358,2.84,16.2,16.6,15.3,95,97,92,0.12,0.45,528,274,0
10/17/15,2015,290,290,3.308,1.73,296,6.73,18,22.7,15.6,85,96,64,1.73,2.83,672,418,0
10/18/15,2015,291,291,2.379,2,283,10.26,16.7,22.9,12.7,83,94,52,1.9,3,610,356,0
10/19/15,2015,292,292,4.321,2.62,293,12.12,15.4,22.7,9.8,77,96,48,2.67,3.86,541,287,0
10/20/15,2015,293,293,4.656,2.35,230,11.04,17.3,27.6,11,70,95,27,3.72,4.86,681,427,0
10/21/15,2015,294,294,4.678,1.52,301,9.24,18,29.5,9.2,60,91,18,3.4,4.86,683,429,0
10/22/15,2015,295,295,4.519,1.63,288,7.32,16.5,26.6,8.9,71,95,35,2.9,4.36,609,355,0
10/23/15,2015,296,296,4.517,1.43,293,8.36,17.4,28.9,7.9,65,98,26,3.03,4.51,638,384,0
10/24/15,2015,297,297,4.064,1.56,292,9.02,20.2,31.5,11.4,45,84,16,3.22,4.98,776,522,0
10/25/15,2015,298,298,2.89,1.21,306,8.3,19.3,30.1,13.3,47,67,19,2.5,4.07,789,535,0
10/26/15,2015,299,299,4.588,1.5,288,9.96,19.5,32.3,11.1,44,70,12,3.66,5.38,789,535,0
10/27/15,2015,300,300,3.367,1.41,298,7.45,19.2,28.3,10.6,42,73,15,2.69,4.24,685,431,0
10/28/15,2015,301,301,3.73,3.56,283,11.89,20.1,27.1,15.5,61,91,26,3.99,4.02,770,516,0
10/29/15,2015,302,302,4.349,3.62,319,13.68,20.5,25.4,15.3,38,79,24,4.32,4.28,727,473,0
10/30/15,2015,303,303,4.394,2.33,324,11.82,20,30.3,9.1,30,66,8,4.49,5.92,696,442,0
10/31/15,2015,304,304,4.313,1.7,305,8.53,20.2,32.9,11.6,34,70,14,3.77,5.62,813,559,0
11/01/15,2015,305,305,4.29,1.95,311,9.93,18,30.3,9.3,55,98,13,3.71,5.13,701,447,0
11/02/15,2015,306,306,1.067,2.19,325,12.15,11.2,15.4,8.1,93,100,78,0.93,1.54,335,81,5.84
11/03/15,2015,307,307,4.184,2.96,310,11.5,11.7,17.4,5.6,73,93,47,2.28,3.06,323,69,1.27
11/04/15,2015,308,308,4.205,2.35,318,13.62,10.2,18.2,4.4,61,92,29,2.51,3.29,312,58,0
11/05/15,2015,309,309,4.101,2.13,299,8.36,11.6,19.8,3,50,83,23,2.66,3.8,318,64,0
11/06/15,2015,310,310,4.178,1.55,303,8.17,12.8,22.8,4.1,48,79,15,2.63,3.82,410,156,0
11/07/15,2015,311,311,4.174,1.58,303,9.34,14.2,24.7,7.2,34,59,14,2.9,4.28,526,272,0
11/08/15,2015,312,312,4.045,1.34,309,7.22,12.9,23.2,4.9,52,94,18,2.42,3.36,440,186,0
11/09/15,2015,313,313,3.354,1.85,313,8.56,11.4,17.1,7.7,80,99,41,1.91,2.35,364,110,0
11/10/15,2015,314,314,3.934,3.11,316,12.28,11.1,16.5,3.6,57,90,35,2.56,2.97,256,2,0
11/11/15,2015,315,315,4.081,1.79,311,9.67,10.2,21.5,1.6,52,79,15,2.82,3.91,324,70,0
11/12/15,2015,316,316,4.032,1.16,290,6.4,11.8,24.1,1.2,38,73,7,2.53,3.59,375,121,0
11/13/15,2015,317,317,3.987,1.31,284,8.62,15.2,26.4,7.3,24,42,7,2.92,4.2,568,314,0
11/14/15,2015,318,318,3.92,1.23,261,7.22,14.7,25.3,6.4,34,72,11,2.67,3.6,521,267,0
11/15/15,2015,319,319,2.077,2.62,314,12.48,9.2,13.8,3.3,72,94,43,1.83,2.08,187,0,0
11/16/15,2015,320,320,3.799,4.33,324,15.81,10,13.9,5.4,44,71,27,3.17,2.8,237,0,6.6
11/17/15,2015,321,321,3.742,2.52,5,10.39,14.5,23.8,7,32,61,20,3.71,4.46,500,246,0
11/18/15,2015,322,322,3.71,2.13,15,12.8,14.5,27.9,4.2,46,73,16,3.92,5.2,530,276,0
11/19/15,2015,323,323,3.752,1.46,296,7.71,15.3,27.5,6.6,47,66,20,3.11,4.21,576,322,0
11/20/15,2015,324,324,3.652,1.1,301,5.36,17.3,29.1,7.9,42,59,22,2.81,3.87,644,390,0
11/21/15,2015,325,325,3.618,1.22,287,7.15,18.6,29.5,11.6,33,49,14,3.1,4.09,737,483,0
11/22/15,2015,326,326,3.551,1.22,283,6.76,17.9,28.5,11.4,32,47,14,3.05,3.97,708,454,0
11/23/15,2015,327,327,3.594,1.49,289,6.96,15.5,25,7.3,49,99,13,2.93,3.26,536,282,0
11/24/15,2015,328,328,3.157,2.21,308,9.6,10.7,17.4,6.9,81,100,45,2.12,2.33,353,99,0.51
11/25/15,2015,329,329,3.204,3.36,305,10.65,8.7,12.9,2.1,66,88,46,2.16,2.28,139,0,0.51
11/26/15,2015,330,330,3.536,1.31,293,6.92,6,14.3,-0.4,70,94,35,1.82,2.1,114,0,0
11/27/15,2015,331,331,3.402,1.61,308,8.46,7.1,15,0.9,65,88,32,2.06,2.39,162,0,0
11/28/15,2015,332,332,3.102,1.3,290,7.28,7.9,15.3,1.2,54,84,27,1.97,2.2,173,0,0
11/29/15,2015,333,333,3.471,1.42,299,7.25,8.5,17.5,1.2,46,65,21,2.4,2.85,223,0,0
11/30/15,2015,334,334,3.285,1.59,296,7.55,8.4,18.1,1,45,65,19,2.59,3.09,233,0,0
12/01/15,2015,335,335,3.383,1.22,304,5.98,10.5,21.4,1.6,40,59,15,2.6,3.11,322,68,0
12/02/15,2015,336,336,3.134,1.06,284,5.65,13.6,23.4,6.1,36,51,15,2.6,3.08,472,218,0
12/03/15,2015,337,337,2.909,1.63,287,9.57,13.8,22.1,8.1,46,93,15,2.82,2.77,488,234,0
12/04/15,2015,338,338,3.147,2.14,347,13.68,11.4,18.4,4,63,96,29,2.6,2.76,310,56,0
12/05/15,2015,339,339,2.527,0.89,281,5.03,10.4,21.2,2.4,39,63,15,2.18,2.54,336,82,0
12/06/15,2015,340,340,2.626,1.29,307,6.67,11.8,23,5.6,47,76,17,2.65,2.96,452,198,0
12/07/15,2015,341,341,2.991,2.01,341,10.78,16,27.4,5,46,84,13,3.91,4.55,537,283,0
12/08/15,2015,342,342,2.74,1.6,309,9.08,15.7,26.8,8.7,54,88,24,3.1,3.51,608,354,0
12/09/15,2015,343,343,2.888,1.2,292,7.77,12.9,24.5,6.2,68,92,25,2.58,2.83,499,245,0
12/10/15,2015,344,344,1.704,1.71,312,9.73,11.6,18,6.9,89,99,60,1.56,1.95,367,113,3.56
12/11/15,2015,345,345,2.486,3.15,296,11.3,9.7,12.2,7.1,76,96,61,1.7,1.42,238,0,2.54
12/12/15,2015,346,346,3.203,3.46,322,11.23,11,15.9,5.8,49,67,34,3.17,2.86,292,38,0
12/13/15,2015,347,347,1.881,2.37,309,16.3,7.7,14.4,1.6,76,96,49,1.8,2.13,163,0,3.56
12/14/15,2015,348,348,3.237,4.26,318,12.32,8.2,12.2,5.2,52,73,35,2.92,2.26,194,0,0
12/15/15,2015,349,349,3.293,2.85,338,10.85,7.2,13.2,-0.8,41,63,27,2.8,2.85,81,0,0
12/16/15,2015,350,350,3.197,1.89,305,9.28,6.2,15,-1.5,51,79,23,2.51,2.77,106,0,0
12/17/15,2015,351,351,3.136,1.27,302,5.95,7.2,17.5,-0.1,61,85,25,2.29,2.4,195,0,0
12/18/15,2015,352,352,3.189,1.23,296,5.91,8.8,18.4,2,62,92,30,2.27,2.29,263,9,0
12/19/15,2015,353,353,1.184,1.7,304,7.55,6.8,13.3,1,89,98,52,1.29,1.72,125,0,5.84
12/20/15,2015,354,354,1.512,2.3,301,7.97,6.2,13.5,1,78,91,45,1.78,2.12,129,0,0
12/21/15,2015,355,355,1.709,1.77,302,6.11,10.2,14.7,1.2,87,97,58,1.49,2.01,160,0,3.3
12/22/15,2015,356,356,1.036,3.77,303,13.23,12.9,14.3,11.1,94,98,80,1.01,0.99,378,124,12.19
12/23/15,2015,357,357,3.124,4.59,320,13.62,10.9,15.2,8.2,60,79,42,3.12,2.32,331,77,0
12/24/15,2015,358,358,2.721,3.24,311,10.75,9.4,14.2,5.7,58,91,33,2.63,1.98,250,0,0.76
12/25/15,2015,359,359,3.141,3.7,321,19.83,7.8,12,4.3,52,77,35,2.74,2.16,170,0,0
12/26/15,2015,360,360,3.295,2.04,322,16.82,7.1,14.3,0.9,46,69,18,2.78,2.82,144,0,0
12/27/15,2015,361,361,3.163,1.52,280,6.67,5.6,14.3,-0.2,50,85,16,2.4,2.22,120,0,0
12/28/15,2015,362,362,2.698,2.76,313,10.65,5.6,12.2,-0.7,68,89,45,2.07,2.19,59,0,0.25
12/29/15,2015,363,363,3.215,1.47,310,10.32,5.1,14.2,-2.5,61,88,33,2.14,2.25,64,0,0
12/30/15,2015,364,364,3.267,1.31,298,6.86,5.7,15.2,-1.1,59,79,23,2.33,2.29,120,0,0
12/31/15,2015,365,365,3.25,1.21,279,7.28,6.3,14.9,-0.1,61,84,30,2.17,2.08,135,0,0
01/01/16,2016,1,366,3.121,1.1,290,6.27,7,16.2,-0.5,51,82,19,2.29,2.17,156,0,0
01/02/16,2016,2,367,1.544,2,94,8.95,9.6,14.8,3.6,40,70,21,2.39,2.62,218,0,0
01/03/16,2016,3,368,1.778,4.41,107,17.47,11.5,14.2,8.4,61,75,49,2.65,2.15,314,60,0
01/04/16,2016,4,369,1.831,1.28,300,7.32,12.1,18,8.6,66,84,42,1.94,1.92,403,149,0
01/05/16,2016,5,370,0.894,3.25,278,12.58,10.4,12.7,7.2,87,97,69,1.11,1.2,253,0,24.89
01/06/16,2016,6,371,0.953,1.56,38,10.16,7.9,12.2,4.8,91,98,79,0.77,1.21,185,0,32
01/07/16,2016,7,372,2.291,2.61,306,8.95,7.7,11.3,3.8,86,98,63,1.57,1.53,143,0,11.94
01/08/16,2016,8,373,3.036,2.08,290,9.73,7.8,14.4,2.7,75,94,51,2.1,2.26,188,0,0
01/09/16,2016,9,374,1.137,2.46,113,10.26,9.1,12.4,4,78,93,62,1.27,1.62,172,0,0.25
01/10/16,2016,10,375,1.126,1.21,301,5.49,9.6,12.3,6.1,91,98,80,0.82,1.03,219,0,1.78
01/11/16,2016,11,376,2.657,1.58,307,7.35,10.4,16.9,5.1,79,99,44,2.13,2.05,298,44,0
01/12/16,2016,12,377,3.502,1.32,307,6.6,9.7,20.4,1.7,59,89,20,2.9,2.82,302,48,0
01/13/16,2016,13,378,2.787,2.32,309,9.96,10.5,18.8,4,73,96,43,2.58,2.83,318,64,0
01/14/16,2016,14,379,2.771,1.97,348,13.29,9.1,15.6,4.8,86,99,50,2.1,2.13,262,8,0
01/15/16,2016,15,380,3.052,1.93,292,9.44,11.9,19.2,5.2,82,97,50,2.43,2.76,354,100,0
01/16/16,2016,16,381,2.806,2.13,305,10.55,12.5,20.3,7.8,86,99,60,2.3,2.7,440,186,0
01/17/16,2016,17,382,1.986,1.27,307,6.96,11,16.6,6.4,89,100,68,1.53,1.66,324,70,0.25
01/18/16,2016,18,383,1.943,1.08,323,5.91,12.8,18.3,8.8,90,98,63,1.63,1.63,416,162,2.54
01/19/16,2016,19,384,0.449,0.79,40,4.87,12.1,13.8,8.9,95,100,86,0.38,0.72,316,61,24.13
01/20/16,2016,20,385,2.198,1.06,316,4.61,10.7,15.6,7.2,94,100,76,1.48,1.47,319,65,0.51
01/21/16,2016,21,386,3.15,1.68,328,9.7,12.5,21.5,5.9,68,100,27,2.99,2.91,424,170,0
01/22/16,2016,22,387,2.862,1.65,301,6.37,13.1,21.6,6.8,67,89,31,2.91,3,446,192,0
01/23/16,2016,23,388,2.801,3.26,296,11.86,11.6,15.6,9,79,98,52,2.38,1.87,360,106,1.27
01/24/16,2016,24,389,3.552,2.79,332,10.19,11.3,17.1,5.4,59,86,32,3.19,2.89,310,56,0
01/25/16,2016,25,390,3.756,2.21,8,12.08,11.2,19.9,3.9,58,85,26,3.46,3.53,339,85,0
01/26/16,2016,26,391,3.812,1.58,306,7.68,10.9,19.4,2.9,58,79,31,3.02,3.21,306,53,0
01/27/16,2016,27,392,2.734,1.12,315,5.95,12.1,21.5,5.5,55,85,17,2.74,2.67,415,161,0
01/28/16,2016,28,393,3.621,1.87,311,12.7,11.6,20.7,3.6,61,88,23,3.36,3.52,350,96,0
01/29/16,2016,29,394,3.507,2.24,329,12.64,12.9,23.3,5.6,70,97,40,3.34,3.8,457,203,0
01/30/16,2016,30,395,3.312,2.12,310,8.62,11.8,17.4,5.1,88,98,68,2.14,2.69,310,56,0
01/31/16,2016,31,396,1.676,3.98,307,13,8.7,11.5,6,81,98,64,1.53,1.36,197,0,22.1
02/01/16,2016,32,397,4.135,4.41,323,12.84,8,12.5,2.1,45,67,26,3.61,2.98,129,0,0
02/02/16,2016,33,398,3.218,2.32,287,10.39,5.6,12.4,-2.2,66,96,32,2.4,2.53,30,0,0
02/03/16,2016,34,399,4.031,1.52,300,6.96,7.3,16.1,-0.1,70,98,34,2.65,2.72,163,0,0.25
02/04/16,2016,35,400,4.121,1.28,297,6.43,9,19.2,1.1,70,95,34,2.85,2.96,262,8,0
02/05/16,2016,36,401,4.229,1.28,297,8.03,11.8,21.4,4.3,47,75,19,3.39,3.4,384,130,0
02/06/16,2016,37,402,4.288,1.47,349,7.68,14.3,25.2,5.7,37,62,12,4.12,4.32,504,250,0
02/07/16,2016,38,403,4.321,1.15,297,5.72,16.1,26.7,7.7,40,54,14,3.94,4.12,582,328,0
02/08/16,2016,39,404,4.387,1.09,300,5.95,18.1,28.5,10.6,34,50,15,4.08,4.26,691,437,0
02/09/16,2016,40,405,4.4,1.06,290,5.95,18.4,29.1,9.7,33,60,14,4.07,4.24,683,429,0
02/10/16,2016,41,406,4.515,0.99,283,5,17.1,27.4,9.2,45,64,21,3.81,3.94,635,381,0
02/11/16,2016,42,407,4.6,1.04,278,6.14,17.5,28.1,9.7,40,67,16,4.01,4.11,662,408,0
02/12/16,2016,43,408,4.269,1,272,5.72,16.3,27,8.5,53,82,20,3.65,3.73,608,354,0
02/13/16,2016,44,409,4.506,1.95,354,13.13,17.9,28.2,7.7,41,80,11,4.96,5.32,619,365,0
02/14/16,2016,45,410,4.482,2.64,7,16.27,18.8,26.1,10.2,34,54,14,5.44,5.39,626,372,0
02/15/16,2016,46,411,4.708,1.5,302,7.55,19,30.3,9.3,44,63,18,4.77,5.31,702,448,0
02/16/16,2016,47,412,4.795,1.22,262,6.86,19.3,29.7,11.7,37,52,16,4.52,4.83,744,490,0
02/17/16,2016,48,413,0.967,4.78,136,13.52,16.1,21.2,11.6,50,89,25,3.71,2.47,547,293,0.25
02/18/16,2016,49,414,4.754,2.57,303,11.69,11.3,16.5,5.9,80,97,52,2.98,3.11,308,54,12.19
02/19/16,2016,50,415,4.59,2.4,304,11.1,9.4,16.5,3.6,83,98,51,2.87,3.21,256,2,0
02/20/16,2016,51,416,4.877,1.38,297,7.09,10.1,19.6,2.1,81,98,45,3.07,3.44,293,39,0
02/21/16,2016,52,417,4.994,1.81,284,10.06,11.7,23.3,3.2,78,100,40,3.69,4.43,402,148,0.25
02/22/16,2016,53,418,5.078,2.48,356,11.63,15.5,26.6,3.6,40,90,8,5.49,5.54,489,235,0
02/23/16,2016,54,419,4.486,1.06,281,6.33,15.2,26.4,6.5,39,69,16,3.85,4.17,549,295,0
02/24/16,2016,55,420,5.09,1.25,298,7.25,14.6,25.3,5.9,48,73,19,4.11,4.42,510,256,0
02/25/16,2016,56,421,5.098,1.18,276,6.67,15.3,26,7.2,52,78,21,4.08,4.36,555,301,0
02/26/16,2016,57,422,4.747,1.57,273,10.65,14.2,24.9,7.3,66,95,29,3.92,4.28,533,279,0
02/27/16,2016,58,423,5.116,2.18,294,11.6,14.3,26.3,6.8,79,100,34,4.42,5.13,554,300,0
02/28/16,2016,59,424,4.818,2.04,5,11.6,17.2,28.3,5.4,56,100,16,4.99,5.62,569,315,0.25
02/29/16,2016,60,425,5.359,2.17,24,11.01,18.4,29.2,8.1,39,64,11,5.78,6.43,650,396,0
03/01/16,2016,61,426,5.295,2.17,294,11.53,16.2,25.4,7.4,45,84,23,4.79,5.3,546,292,0
03/02/16,2016,62,427,5.169,1.52,300,8,13.5,23.5,5.7,70,99,37,3.77,4.24,464,210,0
03/03/16,2016,63,428,3.911,1.67,299,6.6,11.1,18.6,3.4,83,100,49,2.71,3.29,300,46,0
03/04/16,2016,64,429,3.173,1.99,327,9.8,13.9,20,9.6,85,97,61,2.5,3.05,473,219,0
03/05/16,2016,65,430,1.873,2.77,130,10.88,14.1,17.7,12,91,99,75,1.6,1.87,475,221,9.14
03/06/16,2016,66,431,5.428,2.96,308,10.13,11.2,15.4,4.5,77,97,51,3.15,3.45,252,0,13.72
03/07/16,2016,67,432,1.945,2.86,296,16.76,7.7,10.1,5.1,86,94,75,1.33,1.59,145,0,26.67
03/08/16,2016,68,433,5.636,3.81,294,12.9,11.4,17.4,5.3,68,89,43,3.86,4.04,316,62,0.25
03/09/16,2016,69,434,5.529,1.81,301,12.8,12.3,21.7,4.2,78,96,54,3.52,4.55,389,135,0
03/10/16,2016,70,435,5.439,1.24,306,6.4,14,23,6.8,81,99,48,3.59,4.05,478,224,0
03/11/16,2016,71,436,1.287,2.96,319,14.86,10.3,14.6,8.2,80,96,22,2.36,1.69,317,63,15.75
03/12/16,2016,72,437,5.727,4.33,299,11.92,11.1,15.2,7.3,67,86,57,3.42,3.71,312,58,0
03/13/16,2016,73,438,2.867,1.6,306,7.94,11.9,16.7,5.3,84,97,64,2.03,2.62,300,46,1.27
03/14/16,2016,74,439,5.78,3.66,297,11.99,14.2,18.7,9.4,81,98,53,3.72,3.91,439,185,1.27
03/15/16,2016,75,440,5.939,2.33,351,12.74,14.7,24.1,4.4,56,95,16,5.02,5.47,447,193,0
03/16/16,2016,76,441,6.055,1.19,316,5.23,17,26.2,7.4,51,83,21,4.5,5,564,310,0
03/17/16,2016,77,442,6.015,1.27,304,6.83,17.4,26.4,9.3,61,92,30,4.46,4.95,613,359,0
03/18/16,2016,78,443,5.974,1.56,259,6.24,12.4,19.2,5.9,88,99,67,3.28,4.05,371,117,0
03/19/16,2016,79,444,4.562,1.46,300,8.13,13,19.7,9.2,91,100,65,2.87,3.33,458,204,0.25
03/20/16,2016,80,445,6.141,1.67,292,7.77,14,21.6,7.3,81,99,49,3.87,4.54,458,204,0
03/21/16,2016,81,446,4.579,2.84,313,10.97,13.5,17.8,10.6,76,96,49,3.27,3.31,445,191,0
03/22/16,2016,82,447,6.261,4.05,324,14.05,13.2,18.8,8.5,54,82,29,4.86,4.68,420,166,0
03/23/16,2016,83,448,6.426,2.24,314,16.46,13.6,21.8,5.9,50,84,25,4.72,5.41,431,177,0
03/24/16,2016,84,449,6.403,2.27,339,10.32,14.8,26.4,4.2,57,94,24,5.27,6.3,496,242,0
03/25/16,2016,85,450,6.485,3.09,344,12.77,16.1,26.5,6.9,59,94,16,6.07,6.19,560,306,0
03/26/16,2016,86,451,6.491,2.22,265,11.95,14.4,27.4,6.5,69,96,22,5.47,6.39,572,318,0
03/27/16,2016,87,452,6.254,2.05,274,10.65,12.5,22.1,5,79,98,45,4.08,5.23,417,163,0
03/28/16,2016,88,453,5.393,3.57,288,14.93,9.3,13.7,4.3,76,98,45,3.16,3.36,207,0,0
03/29/16,2016,89,454,6.043,2.45,290,10.09,7.7,14.9,-0.4,75,96,46,3.21,4.1,128,0,0
03/30/16,2016,90,455,6.469,1.99,308,10.91,9,18.9,1.1,70,97,35,3.91,4.93,254,0,0
03/31/16,2016,91,456,6.631,2.6,309,13.98,10.7,21.7,2,73,98,35,4.51,5.53,338,84,0
04/01/16,2016,92,457,6.168,1.43,299,7.22,12.4,24,4.5,77,100,43,4.05,5.04,448,194,0
04/02/16,2016,93,458,6.665,1.41,278,6.99,14.1,26.1,4.3,73,98,31,4.65,5.64,492,238,0
04/03/16,2016,94,459,6.761,1.51,289,9.54,14.2,26.7,4.5,72,100,21,4.96,5.91,509,255,0
04/04/16,2016,95,460,6.765,2.12,312,10.58,15.2,28.5,5.2,70,100,20,5.69,6.92,567,313,0
04/05/16,2016,96,461,6.897,1.61,268,7.28,18.5,31.1,6.7,52,89,20,5.75,7.07,661,407,0
04/06/16,2016,97,462,6.097,1.61,290,9.02,21.2,33.5,12.9,45,73,13,5.91,7.09,856,602,0
04/07/16,2016,98,463,4.147,1.4,270,9.47,15.6,24.2,11.4,71,97,34,3.5,3.9,613,359,3.3
04/08/16,2016,99,464,1.138,0.86,172,5.39,13.7,15.9,12.9,95,99,84,0.87,1.04,456,202,6.35
04/09/16,2016,100,465,2.768,1.98,115,8.53,13.9,17.9,11.1,84,96,62,2.23,2.59,461,207,3.81
04/10/16,2016,101,466,3.59,1.73,280,7.51,14,18.3,11.2,87,98,65,2.48,2.86,471,217,0.25
04/11/16,2016,102,467,5.008,1.72,270,7.74,14.1,20.4,8.6,80,97,51,3.35,4.07,459,205,0
04/12/16,2016,103,468,5.34,1.85,249,9.5,13.3,20.7,10,84,98,55,3.48,4.22,498,244,0
04/13/16,2016,104,469,5.398,2.29,285,12.48,13.6,22.3,6.5,79,98,34,4.14,4.96,454,200,0
04/14/16,2016,105,470,7.078,4.13,290,14.63,12.1,19.8,4.5,72,99,39,4.59,5.24,351,97,0
04/15/16,2016,106,471,7.316,3.82,341,14.44,15.6,22,8.5,41,81,20,5.9,6,494,240,0
04/16/16,2016,107,472,7.387,2.05,295,10.03,16.3,26.9,5.9,44,75,19,5.78,7.3,547,293,0
04/17/16,2016,108,473,7.464,1.61,260,9.05,19.5,30.1,8.3,35,64,12,6.04,7.48,677,423,0
04/18/16,2016,109,474,7.385,1.67,290,8.72,20.1,30.5,10.7,33,59,14,6.14,7.64,737,483,0
04/19/16,2016,110,475,6.792,1.59,286,9.21,19.5,29.4,10.3,32,52,11,5.78,7.18,705,451,0
04/20/16,2016,111,476,7.444,1.55,277,8.27,17.1,27.8,6.5,35,67,10,5.66,6.97,582,328,0
04/21/16,2016,112,477,7.21,1.67,292,9.37,15.2,25.8,4.5,61,92,30,4.98,6.38,489,235,0
04/22/16,2016,113,478,5.736,2.81,284,11.53,13.7,21.1,7.6,74,98,44,4.01,4.84,451,197,0
04/23/16,2016,114,479,7.587,3.78,316,14.01,15.8,24.7,8.4,52,92,22,6.22,6.52,555,301,0
04/24/16,2016,115,480,6.365,3.07,302,14.14,12.4,22,4.6,73,98,41,4.42,5.53,405,151,0
04/25/16,2016,116,481,7.489,5.35,292,14.27,11.2,16.5,6.9,60,86,44,4.46,5.04,332,78,0
04/26/16,2016,117,482,7.08,3.3,292,14.08,12.6,22.6,4.3,59,93,23,5.39,6.07,413,159,0
04/27/16,2016,118,483,7.152,3.73,301,13.36,11.8,20.9,4.7,69,96,29,5.05,5.65,383,129,0
04/28/16,2016,119,484,7.519,4.58,287,12.8,12.4,18.9,7.5,72,90,48,4.51,5.39,400,146,0
04/29/16,2016,120,485,6.727,2.52,269,11.63,12.4,20,8.3,78,96,48,4.11,5.09,443,189,0
04/30/16,2016,121,486,7.565,2.51,293,13.52,14,25.1,6,63,94,23,5.6,6.74,506,252,0
05/01/16,2016,122,487,7.663,1.92,266,9.7,16.9,26.2,8.2,53,86,24,5.51,6.97,583,329,0
05/02/16,2016,123,488,7.475,1.72,274,7.61,15.4,25.8,6.2,70,98,40,4.88,6.45,529,275,0
05/03/16,2016,124,489,6.166,1.62,268,8.69,17.3,27.8,9.2,66,93,30,4.79,6.08,643,389,0
05/04/16,2016,125,490,5.524,2.17,263,8.39,14,19.5,8.1,75,97,52,3.46,4.46,426,172,0
05/05/16,2016,126,491,2.394,1.39,277,6.67,13.6,18.4,8.7,76,94,50,2.14,2.54,416,162,0.51
05/06/16,2016,127,492,2.959,1.23,320,7.05,12,20.1,7.3,88,98,50,2.34,2.96,422,168,52.58
05/07/16,2016,128,493,3.756,1.21,17,5.39,13,18.9,7.8,82,100,55,2.51,3.06,406,152,0.25
05/08/16,2016,129,494,6.963,2.02,307,9.5,14.5,21.8,8,78,99,48,4.22,5.57,479,225,0
05/09/16,2016,130,495,5.537,1.99,250,9.5,14.2,21.8,10.6,82,98,54,3.64,4.73,538,284,0
05/10/16,2016,131,496,6.654,2.04,252,8.92,14.9,21.5,9.5,79,96,55,4,5.35,506,252,0
05/11/16,2016,132,497,6.909,1.75,308,7.32,15.4,24.8,9.1,79,99,47,4.47,5.88,572,318,0
05/12/16,2016,133,498,7.611,1.75,295,7.35,16.4,27.8,8.6,76,100,39,5.19,6.87,628,374,0
05/13/16,2016,134,499,6.95,1.97,292,8.07,14.5,24.9,8.7,81,100,46,4.55,6.14,565,311,0
05/14/16,2016,135,500,6.821,2.61,279,11.66,15.5,23.3,10.8,76,95,44,4.64,5.76,577,323,0
05/15/16,2016,136,501,6.321,2.68,277,11.79,14.8,22.4,11.2,80,95,49,4.23,5.27,564,310,0
05/16/16,2016,137,502,7.09,2.24,248,11.07,15.2,23.3,10.5,76,96,45,4.59,5.9,571,317,0
05/17/16,2016,138,503,7.501,1.89,266,8.82,16.8,25.2,10.1,72,99,42,4.85,6.33,604,350,0
05/18/16,2016,139,504,7.939,2.25,288,11.53,19,29.8,9.7,62,95,30,6.05,7.88,701,447,0
05/19/16,2016,140,505,7.327,2.23,277,9.44,13.7,21.7,7.5,77,99,45,4.35,5.78,464,210,0
05/20/16,2016,141,506,6.456,2.93,290,10.39,11.9,17.1,8.2,67,91,43,3.84,4.62,373,119,0
05/21/16,2016,142,507,7.934,2.53,301,11.5,11.6,19.4,3.4,68,96,33,4.5,5.84,320,66,0
05/22/16,2016,143,508,7.953,2.47,314,11.73,12.6,20.4,4.3,71,97,38,4.5,6,362,108,0
05/23/16,2016,144,509,7.245,2.25,260,9.87,13.4,20.1,7.2,72,94,47,4.14,5.56,421,167,0
05/24/16,2016,145,510,5.129,2.13,292,9.18,13.9,19.9,8,72,92,48,3.4,4.55,434,180,0
05/25/16,2016,146,511,6.283,3.04,282,12.74,13.8,20.1,9.3,75,91,50,3.98,5.07,469,215,0
05/26/16,2016,147,512,7.072,2.69,278,12.35,14.1,22.1,7.9,75,93,47,4.38,5.88,483,229,0
05/27/16,2016,148,513,7.212,1.76,280,8.69,15.5,24.9,7.8,73,99,43,4.52,6.19,545,291,0
05/28/16,2016,149,514,7.86,1.92,273,8.88,17.3,26.6,8.2,68,95,36,5.15,7.08,594,340,0
05/29/16,2016,150,515,6.421,1.99,290,8.43,15.2,23.2,9.4,78,97,47,4.09,5.6,543,289,0
05/30/16,2016,151,516,7.368,2.13,281,10.22,16.8,26.3,10.3,72,97,38,5.01,6.71,635,381,0
05/31/16,2016,152,517,7.987,2.25,275,10.94,18.6,29.7,8.3,63,95,26,6.03,8.01,667,413,0
06/01/16,2016,153,518,8.024,2.15,262,9.57,19.3,30.4,8,62,100,31,5.94,8.13,673,419,0
06/02/16,2016,154,519,8.339,2.04,285,9.31,22.6,35.3,9.2,47,90,9,7.36,9.66,814,560,0
06/03/16,2016,155,520,8.239,1.97,287,8.17,25.8,36.1,14.6,32,60,13,7.38,9.91,956,702,0
06/04/16,2016,156,521,8.312,1.76,264,9.05,25.2,36.8,15.2,36,70,10,7.25,9.53,986,732,0
06/05/16,2016,157,522,8.189,1.83,283,7.84,20.1,31.9,10.9,55,86,23,6.3,8.39,776,522,0
06/06/16,2016,158,523,8.177,2.27,260,9.44,17.5,28.6,7.6,68,99,34,5.76,7.8,624,370,0
06/07/16,2016,159,524,7.742,2.11,281,10.55,16.8,29,7.9,73,98,33,5.51,7.71,641,387,0
06/08/16,2016,160,525,7.262,2.11,247,9.21,17.5,27.1,9.8,73,93,41,4.93,6.98,641,387,0
06/09/16,2016,161,526,7.696,2.29,279,9.18,16.5,26.6,9.1,72,98,37,5.17,7.01,613,359,0
06/10/16,2016,162,527,5.833,1.97,233,8.59,17.3,25,10.1,70,92,48,3.99,5.78,599,345,0
06/11/16,2016,163,528,6.715,2.08,257,8.43,16.7,23.6,9.2,73,92,53,4.07,6,546,292,0
06/12/16,2016,164,529,3.127,1.95,255,8.27,17.1,21.6,10.2,72,92,56,2.58,3.73,524,270,0
06/13/16,2016,165,530,8.022,2.31,289,10.22,16.2,26.1,7.8,72,96,41,5.21,7.18,572,318,0
06/14/16,2016,166,531,7.967,2.55,294,11.47,15.6,24.3,6.7,66,93,36,5.14,6.87,505,251,0
06/15/16,2016,167,532,7.86,2.79,312,11.6,13.3,20.3,6.3,68,94,33,4.67,5.94,405,151,0
06/16/16,2016,168,533,8.131,2.38,288,11.1,16.1,26,7.3,61,92,26,5.67,7.33,559,305,0
06/17/16,2016,169,534,7.766,1.83,281,9.6,17.6,28.7,7.8,63,94,28,5.43,7.49,631,377,0
06/18/16,2016,170,535,7.483,1.93,302,8.78,18.8,30.4,8.4,66,99,29,5.51,7.73,682,428,0
06/19/16,2016,171,536,8.035,2.09,279,9.9,22,33.6,9.1,51,93,19,6.72,9.03,774,520,0
06/20/16,2016,172,537,4.768,1.38,300,7.8,21.8,37.4,12.9,51,74,20,4.88,7.12,946,692,0
06/21/16,2016,173,538,7.932,1.84,263,8.1,25.5,38.2,14.2,41,68,16,7.21,9.9,993,739,0
06/22/16,2016,174,539,8.147,2.34,250,10.09,21.8,33,10.2,50,86,19,6.95,8.98,784,530,0
06/23/16,2016,175,540,8.231,2.56,291,14.01,21.8,38,8.7,48,92,12,8.36,10.38,863,609,0
06/24/16,2016,176,541,8.288,3.17,298,16.66,19.5,30.4,9,52,83,23,7.13,8.53,698,444,0
06/25/16,2016,177,542,8.343,2.42,300,13.98,21.5,37.6,7.4,50,94,12,8.21,10.42,826,572,0
06/26/16,2016,178,543,8.195,2.01,285,8.56,25.2,38.3,11,37,76,14,7.65,10.46,922,668,0
06/27/16,2016,179,544,7.891,1.86,237,8.82,27.8,39.1,15.8,31,56,15,7.39,10.23,1052,798,0
06/28/16,2016,180,545,7.56,1.92,283,9.57,27.2,37.4,18.2,36,59,21,6.93,9.64,1068,814,0
06/29/16,2016,181,546,7.99,2.29,206,11.56,23,33.9,10.8,50,85,20,6.95,9.1,820,566,0
06/30/16,2016,182,547,8.277,1.9,164,7.55,17.9,29.7,7.7,65,98,32,5.85,8,652,398,0
07/01/16,2016,183,548,8.094,1.87,273,7.18,17.5,29.6,8.2,69,97,39,5.56,7.81,659,405,0
07/02/16,2016,184,549,8.05,1.82,256,8.72,18.7,29.5,8.6,68,95,36,5.58,7.71,669,415,0
07/03/16,2016,185,550,7.695,1.72,257,8.43,18.1,28.3,9.7,68,93,34,5.22,7.13,665,411,0
07/04/16,2016,186,551,8.039,1.87,274,7.9,17.6,27.5,8.6,68,94,39,5.31,7.34,622,368,0
07/05/16,2016,187,552,8.061,2.24,274,10.58,17.1,26.2,8.5,69,98,39,5.29,7.13,591,337,0
07/06/16,2016,188,553,8.2,2.46,285,9.41,16.2,25.8,8.7,73,100,39,5.38,7.04,584,330,0
07/07/16,2016,189,554,7.924,2.31,272,10.65,16.6,27.3,8.3,70,99,34,5.47,7.31,611,357,0
07/08/16,2016,190,555,7.885,2.16,272,8.95,17.4,27.9,7.9,68,98,32,5.5,7.5,616,362,0
07/09/16,2016,191,556,7.593,2.23,269,11.76,19.7,32.1,9.5,62,92,27,6.14,8.4,750,496,0
07/10/16,2016,192,557,8.101,2.62,303,14.57,18.1,27.6,9.1,61,93,28,5.98,7.53,634,380,0
07/11/16,2016,193,558,8.19,2.14,288,11.5,17.7,29.2,6.3,61,96,28,5.95,8.08,609,355,0
07/12/16,2016,194,559,8.103,2.34,242,11.95,17.7,29.6,6.3,61,96,22,6.21,8.13,616,362,0
07/13/16,2016,195,560,8.004,2.01,226,9.41,19.4,31.6,8,59,91,27,6.15,8.55,702,448,0
07/14/16,2016,196,561,8.005,1.79,261,8.03,21.1,33.2,9.3,56,90,27,6.23,8.54,767,513,0
07/15/16,2016,197,562,8.082,1.97,255,8.27,20.9,32.5,11.2,56,85,21,6.49,8.65,797,543,0
07/16/16,2016,198,563,8.137,1.79,248,9.24,18.4,29.2,7.6,63,92,34,5.62,7.73,639,385,0
07/17/16,2016,199,564,8.095,1.83,259,8.59,18.2,29.9,8,64,96,33,5.71,7.83,663,409,0
07/18/16,2016,200,565,8.068,1.85,280,8.72,18.1,30.9,6.8,63,95,25,5.96,8.15,657,403,0
07/19/16,2016,201,566,2.359,0.95,330,4.93,13.9,26.5,8.2,77,94,38,2.15,3.38,591,337,0
07/20/16,2016,202,567,1666.667,-9999,-9999,-9999,-9999,-9999,-9999,-9999,-9999,-9999,-9999,-9999,-9999,-9999,-9999
07/21/16,2016,203,568,1666.667,-9999,-9999,-9999,-9999,-9999,-9999,-9999,-9999,-9999,-9999,-9999,-9999,-9999,-9999
07/22/16,2016,204,569,1666.667,-9999,-9999,-9999,-9999,-9999,-9999,-9999,-9999,-9999,-9999,-9999,-9999,-9999,-9999
07/23/16,2016,205,570,1666.667,-9999,-9999,-9999,-9999,-9999,-9999,-9999,-9999,-9999,-9999,-9999,-9999,-9999,-9999
07/24/16,2016,206,571,1666.667,-9999,-9999,-9999,-9999,-9999,-9999,-9999,-9999,-9999,-9999,-9999,-9999,-9999,-9999
07/25/16,2016,207,572,1666.667,-9999,-9999,-9999,-9999,-9999,-9999,-9999,-9999,-9999,-9999,-9999,-9999,-9999,-9999
07/26/16,2016,208,573,1666.667,-9999,-9999,-9999,-9999,-9999,-9999,-9999,-9999,-9999,-9999,-9999,-9999,-9999,-9999
07/27/16,2016,209,574,1666.667,-9999,-9999,-9999,-9999,-9999,-9999,-9999,-9999,-9999,-9999,-9999,-9999,-9999,-9999
07/28/16,2016,210,575,1666.667,-9999,-9999,-9999,-9999,-9999,-9999,-9999,-9999,-9999,-9999,-9999,-9999,-9999,-9999
07/29/16,2016,211,576,1666.667,-9999,-9999,-9999,-9999,-9999,-9999,-9999,-9999,-9999,-9999,-9999,-9999,-9999,-9999
07/30/16,2016,212,577,1666.667,-9999,-9999,-9999,-9999,-9999,-9999,-9999,-9999,-9999,-9999,-9999,-9999,-9999,-9999
07/31/16,2016,213,578,1666.667,-9999,-9999,-9999,-9999,-9999,-9999,-9999,-9999,-9999,-9999,-9999,-9999,-9999,-9999
08/01/16,2016,214,579,1666.667,-9999,-9999,-9999,-9999,-9999,-9999,-9999,-9999,-9999,-9999,-9999,-9999,-9999,-9999
08/02/16,2016,215,580,1666.667,-9999,-9999,-9999,-9999,-9999,-9999,-9999,-9999,-9999,-9999,-9999,-9999,-9999,-9999
08/03/16,2016,216,581,1666.667,-9999,-9999,-9999,-9999,-9999,-9999,-9999,-9999,-9999,-9999,-9999,-9999,-9999,-9999
08/04/16,2016,217,582,1666.667,-9999,-9999,-9999,-9999,-9999,-9999,-9999,-9999,-9999,-9999,-9999,-9999,-9999,-9999
08/05/16,2016,218,583,1666.667,-9999,-9999,-9999,-9999,-9999,-9999,-9999,-9999,-9999,-9999,-9999,-9999,-9999,-9999
08/06/16,2016,219,584,1666.667,-9999,-9999,-9999,-9999,-9999,-9999,-9999,-9999,-9999,-9999,-9999,-9999,-9999,-9999
08/07/16,2016,220,585,1666.667,-9999,-9999,-9999,-9999,-9999,-9999,-9999,-9999,-9999,-9999,-9999,-9999,-9999,-9999
08/08/16,2016,221,586,1666.667,-9999,-9999,-9999,-9999,-9999,-9999,-9999,-9999,-9999,-9999,-9999,-9999,-9999,-9999
08/09/16,2016,222,587,1666.667,-9999,-9999,-9999,-9999,-9999,-9999,-9999,-9999,-9999,-9999,-9999,-9999,-9999,-9999
08/10/16,2016,223,588,1666.667,-9999,-9999,-9999,-9999,-9999,-9999,-9999,-9999,-9999,-9999,-9999,-9999,-9999,-9999
08/11/16,2016,224,589,1666.667,-9999,-9999,-9999,-9999,-9999,-9999,-9999,-9999,-9999,-9999,-9999,-9999,-9999,-9999
08/12/16,2016,225,590,1666.667,-9999,-9999,-9999,-9999,-9999,-9999,-9999,-9999,-9999,-9999,-9999,-9999,-9999,-9999
08/13/16,2016,226,591,1666.667,-9999,-9999,-9999,-9999,-9999,-9999,-9999,-9999,-9999,-9999,-9999,-9999,-9999,-9999
08/14/16,2016,227,592,1666.667,-9999,-9999,-9999,-9999,-9999,-9999,-9999,-9999,-9999,-9999,-9999,-9999,-9999,-9999
08/15/16,2016,228,593,1666.667,-9999,-9999,-9999,-9999,-9999,-9999,-9999,-9999,-9999,-9999,-9999,-9999,-9999,-9999
08/16/16,2016,229,594,1666.667,-9999,-9999,-9999,-9999,-9999,-9999,-9999,-9999,-9999,-9999,-9999,-9999,-9999,-9999
08/17/16,2016,230,595,1666.667,-9999,-9999,-9999,-9999,-9999,-9999,-9999,-9999,-9999,-9999,-9999,-9999,-9999,-9999
08/18/16,2016,231,596,1666.667,-9999,-9999,-9999,-9999,-9999,-9999,-9999,-9999,-9999,-9999,-9999,-9999,-9999,-9999
08/19/16,2016,232,597,1666.667,-9999,-9999,-9999,-9999,-9999,-9999,-9999,-9999,-9999,-9999,-9999,-9999,-9999,-9999
08/20/16,2016,233,598,1666.667,-9999,-9999,-9999,-9999,-9999,-9999,-9999,-9999,-9999,-9999,-9999,-9999,-9999,-9999
08/21/16,2016,234,599,1666.667,-9999,-9999,-9999,-9999,-9999,-9999,-9999,-9999,-9999,-9999,-9999,-9999,-9999,-9999
08/22/16,2016,235,600,1666.667,-9999,-9999,-9999,-9999,-9999,-9999,-9999,-9999,-9999,-9999,-9999,-9999,-9999,-9999
08/23/16,2016,236,601,1666.667,-9999,-9999,-9999,-9999,-9999,-9999,-9999,-9999,-9999,-9999,-9999,-9999,-9999,-9999
08/24/16,2016,237,602,1666.667,-9999,-9999,-9999,-9999,-9999,-9999,-9999,-9999,-9999,-9999,-9999,-9999,-9999,-9999
08/25/16,2016,238,603,1666.667,-9999,-9999,-9999,-9999,-9999,-9999,-9999,-9999,-9999,-9999,-9999,-9999,-9999,-9999
08/26/16,2016,239,604,1666.667,-9999,-9999,-9999,-9999,-9999,-9999,-9999,-9999,-9999,-9999,-9999,-9999,-9999,-9999
08/27/16,2016,240,605,2.57,2.26,286,8.07,18.2,24.8,11,67,88,47,2.41,4.1,617,363,0
08/28/16,2016,241,606,6.569,1.79,278,7.77,17.9,29.5,8.8,69,95,37,4.59,6.65,671,417,0
08/29/16,2016,242,607,6.669,1.8,276,8.82,20.3,35.4,8.9,62,96,24,5.64,8.05,808,554,0
08/30/16,2016,243,608,6.601,2.02,269,10,21.9,35.7,11.7,53,83,22,5.95,8.44,879,625,0
08/31/16,2016,244,609,6.618,2,256,8.59,18.9,30,9.6,63,88,33,4.93,7.11,703,449,0
09/01/16,2016,245,610,6.674,1.8,278,8.59,17.2,28.8,8,70,97,37,4.56,6.55,639,385,0
09/02/16,2016,246,611,6.396,1.9,295,8.43,16.7,29,9.1,74,100,34,4.51,6.42,668,414,0
09/03/16,2016,247,612,6.259,2.37,294,9.87,15.3,25.2,8.9,78,100,42,4.06,5.65,576,322,0
09/04/16,2016,248,613,6.371,2.7,282,13.23,15.5,22,10.9,70,90,38,4.09,5.13,550,296,0
09/05/16,2016,249,614,6.277,2.03,241,9.47,16,24.8,8.7,69,91,40,3.98,5.77,562,308,0
09/06/16,2016,250,615,6.389,1.83,283,9.44,18.7,30.4,7.8,57,96,29,4.73,6.77,670,416,0
09/07/16,2016,251,616,6.396,1.73,266,7.51,21.2,31.5,12.4,51,88,24,4.93,6.71,800,546,0
09/08/16,2016,252,617,6.023,1.97,292,8.85,18.9,28.6,12,72,95,40,4.22,6.08,726,472,0
09/09/16,2016,253,618,6.142,1.67,285,7.9,18.2,29.5,10,71,95,39,4.21,6.08,700,446,0
09/10/16,2016,254,619,6.259,1.55,252,7.12,18.9,31.4,9.8,66,94,26,4.6,6.41,739,485,0
09/11/16,2016,255,620,6.216,1.57,307,7.55,17.2,28.4,8.3,69,96,35,4.11,5.85,634,380,0
09/12/16,2016,256,621,5.522,2.03,284,8.88,15.1,22,9.5,81,100,56,2.95,4.53,515,261,0
09/13/16,2016,257,622,0,1.12,270,3.2,12.7,13.2,12.2,90,94,86,0.18,0.48,376,122,0
09/14/16,2016,258,623,1666.667,-9999,-9999,-999,-9999,-9999,-9999,-9999,-9999,-9999,-9999,-9999,-9999,-9999,-9999
09/15/16,2016,259,624,1666.667,-9999,-9999,-999,-9999,-9999,-9999,-9999,-9999,-9999,-9999,-9999,-9999,-9999,-9999
09/16/16,2016,260,625,1666.667,-9999,-9999,-999,-9999,-9999,-9999,-9999,-9999,-9999,-9999,-9999,-9999,-9999,-9999
09/17/16,2016,261,626,1666.667,-9999,-9999,-999,-9999,-9999,-9999,-9999,-9999,-9999,-9999,-9999,-9999,-9999,-9999
09/18/16,2016,262,627,1666.667,-9999,-9999,-999,-9999,-9999,-9999,-9999,-9999,-9999,-9999,-9999,-9999,-9999,-9999
09/19/16,2016,263,628,1666.667,-9999,-9999,-999,-9999,-9999,-9999,-9999,-9999,-9999,-9999,-9999,-9999,-9999,-9999
09/20/16,2016,264,629,1666.667,-9999,-9999,-999,-9999,-9999,-9999,-9999,-9999,-9999,-9999,-9999,-9999,-9999,-9999
09/21/16,2016,265,630,1666.667,-9999,-9999,-999,-9999,-9999,-9999,-9999,-9999,-9999,-9999,-9999,-9999,-9999,-9999
09/22/16,2016,266,631,1666.667,-9999,-9999,-999,-9999,-9999,-9999,-9999,-9999,-9999,-9999,-9999,-9999,-9999,-9999
09/23/16,2016,267,632,1666.667,-9999,-9999,-999,-9999,-9999,-9999,-9999,-9999,-9999,-9999,-9999,-9999,-9999,-9999
09/24/16,2016,268,633,1666.667,-9999,-9999,-999,-9999,-9999,-9999,-9999,-9999,-9999,-9999,-9999,-9999,-9999,-9999
09/25/16,2016,269,634,1666.667,-9999,-9999,-999,-9999,-9999,-9999,-9999,-9999,-9999,-9999,-9999,-9999,-9999,-9999
09/26/16,2016,270,635,1666.667,-9999,-9999,-999,-9999,-9999,-9999,-9999,-9999,-9999,-9999,-9999,-9999,-9999,-9999
09/27/16,2016,271,636,3.436,2.19,281,10.81,28.3,38.6,17.4,21,37,9,4.6,7.98,1077,823,0
09/28/16,2016,272,637,5.373,1.59,262,8.36,23.3,32.7,16,36,60,21,4.34,6.34,910,656,0
09/29/16,2016,273,638,5.275,1.49,278,8.59,23.4,32.3,16.2,44,63,25,4.08,6.01,906,652,0
09/30/16,2016,274,639,5.316,1.61,280,8.1,19.1,30.3,9.1,54,84,25,3.93,5.8,698,444,0
10/01/16,2016,275,640,5.426,1.55,296,8.33,15.5,27.8,6.6,63,94,26,3.65,5.26,583,329,0
10/02/16,2016,276,641,5.435,2.77,307,13.29,12.8,22.4,4.5,73,95,32,3.69,4.82,411,157,0
10/03/16,2016,277,642,5.201,3.18,303,12.9,14.4,25.1,5.7,63,99,20,4.47,5.14,502,248,0
10/04/16,2016,278,643,5.272,2.29,305,13,13.8,24.9,5.1,65,93,29,3.74,5.26,481,227,0
10/05/16,2016,279,644,5.297,2.79,341,12.41,16.8,26.9,5.8,55,100,18,4.58,5.51,545,291,0
10/06/16,2016,280,645,5.325,1.63,272,10.91,18.3,28.5,8.2,34,56,9,4.04,5.84,636,382,0
10/07/16,2016,281,646,4.285,1.5,283,8.33,21,31.4,11.7,24,47,9,3.41,5.78,782,528,0
10/08/16,2016,282,647,5.206,1.42,254,7.38,21.8,32.3,13.6,19,32,8,4.03,6.16,847,593,0
10/09/16,2016,283,648,5.02,1.44,284,8.27,20,31,11.5,33,65,14,3.77,5.58,769,515,0
10/10/16,2016,284,649,4.297,1.54,252,8.43,17.9,29.2,9.1,54,89,24,3.06,4.88,672,418,0
10/11/16,2016,285,650,4.67,1.72,294,7.25,14.6,23.7,7.5,74,92,46,2.65,4.26,511,257,0
10/12/16,2016,286,651,4.866,1.98,291,9.21,13.3,22,5.6,78,98,49,2.64,4.24,429,175,0
10/13/16,2016,287,652,4.4,1.8,312,8.65,14.8,24.9,6.5,75,100,38,2.71,4.36,513,259,0
10/14/16,2016,288,653,4.376,1.9,300,10.45,13.9,24.1,6.1,81,100,33,2.76,4.33,486,232,0
10/15/16,2016,289,654,3.328,1.84,294,8.78,17.1,23.3,10.9,87,98,62,1.75,3.37,579,325,3.81
10/16/16,2016,290,655,3.004,1.58,196,8.23,17.2,20.8,15,86,100,55,1.61,2.26,615,361,6.1
10/17/16,2016,291,656,4.19,2.53,301,11.92,15.9,23.3,10.2,79,100,44,2.67,3.82,564,310,1.27
10/18/16,2016,292,657,4.834,3.37,31,14.67,17.1,24.6,8.7,52,94,25,4.14,4.53,557,303,0
10/19/16,2016,293,658,4.66,1.6,269,6.37,20,30.4,11.7,39,59,18,3.65,5.5,760,506,0
10/20/16,2016,294,659,4.697,1.18,274,7.02,22,33.6,12.9,30,59,8,3.38,5.25,859,605,0
10/21/16,2016,295,660,4.649,1.09,268,6.76,22.1,34.4,13.4,27,47,8,3.24,5.24,888,634,0
10/22/16,2016,296,661,4.27,1.45,282,7.42,19.2,30.9,10.7,37,72,13,3.25,5.04,748,494,0
10/23/16,2016,297,662,3.637,2.63,104,11.6,18.8,28.6,10.9,37,75,11,4.06,5.14,699,445,0
10/24/16,2016,298,663,2.205,1.67,306,10.03,14.2,21.4,9.4,78,94,50,1.73,2.73,502,248,0
10/25/16,2016,299,664,4.246,1.39,296,7.94,15.4,25.4,8.4,71,97,37,2.42,3.73,569,315,0
10/26/16,2016,300,665,3.786,1.02,294,4.64,16.1,27.6,8.5,61,88,27,2.11,3.63,622,368,0
10/27/16,2016,301,666,1.921,1.47,299,12.15,17.7,27,11.4,60,96,25,2.34,3.12,674,420,2.54
10/28/16,2016,302,667,2.03,1.08,305,6.21,16,20.2,11.8,90,99,72,1.19,1.8,528,274,19.56
10/29/16,2016,303,668,3.546,1.14,275,6.04,16.9,25.5,10,81,99,43,1.97,3.13,610,356,0
10/30/16,2016,304,669,1.252,1.6,213,7.84,15.5,18.3,10.5,89,97,71,1.12,1.69,456,202,1.78
10/31/16,2016,305,670,4.035,2.62,319,11.33,13,19.5,7.9,85,100,57,2.02,3.06,422,168,0.25
11/01/16,2016,306,671,0,0.82,67,2.71,8.3,8.9,7.4,97,98,96,0.05,0.36,170,0,0
11/02/16,2016,307,672,1666.667,-9999,-9999,-9999,-9999,-9999,-9999,-9999,-9999,-9999,-9999,-9999,-9999,-9999,-9999
11/03/16,2016,308,673,1666.667,-9999,-9999,-9999,-9999,-9999,-9999,-9999,-9999,-9999,-9999,-9999,-9999,-9999,-9999
11/04/16,2016,309,674,1666.667,-9999,-9999,-9999,-9999,-9999,-9999,-9999,-9999,-9999,-9999,-9999,-9999,-9999,-9999
11/05/16,2016,310,675,1666.667,-9999,-9999,-9999,-9999,-9999,-9999,-9999,-9999,-9999,-9999,-9999,-9999,-9999,-9999
11/06/16,2016,311,676,1666.667,-9999,-9999,-9999,-9999,-9999,-9999,-9999,-9999,-9999,-9999,-9999,-9999,-9999,-9999
11/07/16,2016,312,677,1666.667,-9999,-9999,-9999,-9999,-9999,-9999,-9999,-9999,-9999,-9999,-9999,-9999,-9999,-9999
11/08/16,2016,313,678,1666.667,-9999,-9999,-9999,-9999,-9999,-9999,-9999,-9999,-9999,-9999,-9999,-9999,-9999,-9999
11/09/16,2016,314,679,1666.667,-9999,-9999,-9999,-9999,-9999,-9999,-9999,-9999,-9999,-9999,-9999,-9999,-9999,-9999
11/10/16,2016,315,680,1666.667,-9999,-9999,-9999,-9999,-9999,-9999,-9999,-9999,-9999,-9999,-9999,-9999,-9999,-9999
11/11/16,2016,316,681,1666.667,-9999,-9999,-9999,-9999,-9999,-9999,-9999,-9999,-9999,-9999,-9999,-9999,-9999,-9999
11/12/16,2016,317,682,1666.667,-9999,-9999,-9999,-9999,-9999,-9999,-9999,-9999,-9999,-9999,-9999,-9999,-9999,-9999
11/13/16,2016,318,683,1666.667,-9999,-9999,-9999,-9999,-9999,-9999,-9999,-9999,-9999,-9999,-9999,-9999,-9999,-9999
11/14/16,2016,319,684,1666.667,-9999,-9999,-9999,-9999,-9999,-9999,-9999,-9999,-9999,-9999,-9999,-9999,-9999,-9999
11/15/16,2016,320,685,1666.667,-9999,-9999,-9999,-9999,-9999,-9999,-9999,-9999,-9999,-9999,-9999,-9999,-9999,-9999
11/16/16,2016,321,686,3.003,3.24,347,12.61,15.1,21.4,10.9,51,96,30,3.15,2.8,535,281,0
11/17/16,2016,322,687,3.755,1.79,356,11.47,11.4,20.1,3.6,47,69,18,2.78,3.59,338,84,0
11/18/16,2016,323,688,3.831,2.77,131,13.46,14.1,23,5.6,28,59,9,4.14,4.41,451,197,0
11/19/16,2016,324,689,3.735,2.64,105,12.38,13.6,21.3,5.9,55,88,22,3.31,3.5,420,166,0
11/20/16,2016,325,690,2.541,1.85,271,9.02,11.9,19.9,5.8,77,97,37,2.19,2.7,384,130,16.51
11/21/16,2016,326,691,3.75,3.24,294,10.72,12.5,17.4,8.4,83,98,55,2.27,2.41,387,133,0.25
11/22/16,2016,327,692,3.698,1.26,306,5.88,10.6,19.1,3.5,77,100,36,2.06,2.44,312,58,0
11/23/16,2016,328,693,3.315,1.98,356,11.04,10.9,19.5,4.4,73,100,37,2.37,2.91,344,90,0
11/24/16,2016,329,694,1666.667,-9999,-9999,-999,-9999,-9999,-9999,-9999,-9999,-9999,-9999,-9999,-9999,-9999,-9999
11/25/16,2016,330,695,3.704,1.16,265,5,13.4,22.2,3.6,45,70,17,2.54,3.05,388,134,0
11/26/16,2016,331,696,1.26,0.96,316,8.98,6.8,13,2.3,82,99,48,1.14,1.25,145,0,14.22
11/27/16,2016,332,697,2.254,2.48,312,10.26,10.2,13.9,5.1,77,100,46,1.81,1.75,231,0,5.59
11/28/16,2016,333,698,2.812,3.42,321,13,10.6,15.3,4.7,66,85,52,2.24,2.45,254,1,0
11/29/16,2016,334,699,3.557,1.42,307,10.09,9.5,17.7,1.9,67,92,36,2.15,2.49,246,0,0
11/30/16,2016,335,700,3.51,1.45,306,8.88,9.1,18,4,69,95,29,2.26,2.37,300,46,0
12/01/16,2016,336,701,3.318,2.29,306,17.22,10.1,17.7,3.8,68,97,39,2.42,2.68,288,34,0
12/02/16,2016,337,702,3.5,2.28,20,11.99,9.7,17,2.8,49,73,20,2.93,3.12,249,0,0
12/03/16,2016,338,703,3.448,1.21,294,5.88,8,18.6,0.3,58,79,30,2.23,2.6,228,0,0
12/04/16,2016,339,704,3.425,1.15,299,6.17,10.8,21.3,3.7,65,97,25,2.37,2.51,367,113,0
12/05/16,2016,340,705,3.218,1.34,309,9.24,8.9,20.1,2.6,81,100,38,2.21,2.52,317,63,0
12/06/16,2016,341,706,3.178,1.72,300,10.35,8.1,16.6,1.5,80,100,38,2.12,2.37,210,0,0.25
12/07/16,2016,342,707,2.539,1.14,308,6.14,6.9,14.1,0.6,77,98,38,1.64,1.69,134,0,0
12/08/16,2016,343,708,1.62,0.87,317,4.38,11.9,17.7,5.7,78,98,49,1.4,1.51,333,79,0.25
12/09/16,2016,344,709,2.376,1.86,304,8.98,14.7,20.2,11.8,92,100,66,1.8,1.98,528,274,5.59
12/10/16,2016,345,710,2.829,2.68,288,8.88,14.3,20.1,9.7,90,100,66,2.04,2.36,477,223,0.25
12/11/16,2016,346,711,0.916,1.31,261,7.35,13.6,15.9,11.7,95,100,86,0.72,0.88,427,173,0
12/12/16,2016,347,712,2.282,1.42,341,7.35,12.5,18.8,8.8,89,100,58,1.74,1.81,428,174,0
12/13/16,2016,348,713,3.001,1.38,303,8.92,11.2,20.5,6.3,79,100,45,2.18,2.3,409,155,0
12/14/16,2016,349,714,3.014,1.03,294,5.62,11.8,20.9,5.8,82,100,52,1.99,2.13,409,155,0
12/15/16,2016,350,715,0.644,2.38,121,11.82,12.2,16.5,9.5,89,100,53,1.28,1.36,391,137,16.76
12/16/16,2016,351,716,2.521,3.64,304,10.97,9.9,13.6,6.5,76,96,53,2.06,1.66,257,3,5.33
12/17/16,2016,352,717,3.42,2.5,329,9.44,6,13.2,-1.5,57,87,25,2.57,2.5,66,0,0
12/18/16,2016,353,718,3.454,1.06,299,5.68,4.9,15.9,-3.4,61,89,21,2.15,2.14,83,0,0
12/19/16,2016,354,719,3.489,1.03,296,5.2,7.9,19,0.2,50,79,19,2.42,2.4,236,0,0
12/20/16,2016,355,720,3.507,0.8,315,5.13,11.6,23.9,2.9,35,59,11,2.65,2.7,410,156,0
12/21/16,2016,356,721,1.364,1.18,309,6.43,14.2,20.6,9.2,43,65,23,2.13,2.4,478,224,0.25
12/22/16,2016,357,722,3.194,1.35,308,6.83,11.4,19.5,5,64,90,43,2.32,2.4,357,103,0
12/23/16,2016,358,723,0.588,3.35,135,12.02,10,13.9,5.1,83,98,57,1.32,1.52,231,0,33.53
12/24/16,2016,359,724,2.846,3.88,307,10.78,7,10.6,4.4,68,88,45,2.24,1.66,138,0,0
12/25/16,2016,360,725,2.686,1.12,43,5.16,5.1,11.2,-2.2,64,95,27,1.72,1.55,3,0,0
12/26/16,2016,361,726,2.028,1.37,309,6.4,7.8,14.6,2.6,55,79,30,1.97,2,192,0,0
12/27/16,2016,362,727,3.067,1.01,322,4.97,8.3,20,0.8,60,82,30,2.3,2.42,271,17,0
12/28/16,2016,363,728,1666.667,-9999,-9999,-9999,-9999,-9999,-9999,-9999,-9999,-9999,-9999,-9999,-9999,-9999,-9999
12/29/16,2016,364,729,0.449,1.18,314,5.23,15.5,24.4,10,44,61,23,1.78,2.85,583,329,0
12/30/16,2016,365,730,0.899,1.4,266,8.23,13,17.4,10,79,98,48,1.26,1.3,423,169,1.02
12/31/16,2016,366,731,0.918,1.49,314,9.93,7.7,11.3,2.9,90,100,67,0.83,1.16,122,0,2.29
01/01/17,2017,1,732,3.236,2.15,302,10.88,5.7,10.8,-0.3,83,98,66,1.61,1.87,38,0,0.25
01/02/17,2017,2,733,1.209,1.15,298,7.8,7.5,11.8,4.4,84,94,66,0.99,1.14,167,0,0
01/03/17,2017,3,734,1.753,2.11,114,8.78,9.7,13.8,5.2,76,91,60,1.62,1.86,230,0,0
01/04/17,2017,4,735,0.416,2.94,120,8.78,12.6,13.5,11.8,84,99,71,0.8,0.6,376,122,8.13
01/05/17,2017,5,736,2.132,1.88,306,8.69,12,16,6,91,100,72,1.52,1.87,300,46,4.83
01/06/17,2017,6,737,3.233,1.27,63,6.08,9.8,17.6,1.6,69,100,24,2.44,2.21,235,0,0.76
01/07/17,2017,7,738,0.42,4.15,113,12.87,13.6,17.6,9.6,72,88,50,1.99,1.9,419,165,22.1
01/08/17,2017,8,739,1.66,5.41,129,14.96,17.4,19.8,11,46,93,32,3.69,2.18,502,248,22.35
01/09/17,2017,9,740,2.436,1.41,299,11.2,12.7,16.2,8,84,99,49,1.92,1.62,351,97,14.99
01/10/17,2017,10,741,1.514,1.18,146,5.29,11.6,14.4,8.3,92,99,76,1.13,1.14,315,61,7.11
01/11/17,2017,11,742,1.981,1.45,275,6.53,12.1,14.8,10,86,100,62,1.58,1.21,365,111,10.67
01/12/17,2017,12,743,1.663,1.62,289,8.59,8.7,12.1,1.1,88,97,71,1.19,1.64,100,0,7.87
01/13/17,2017,13,744,3.363,2.8,354,17.93,6.7,13.1,-0.1,73,99,38,2.43,2.25,95,0,0
01/14/17,2017,14,745,3.582,1.88,335,9.67,9.5,20.9,2.3,67,98,20,3.3,3.31,328,74,0
01/15/17,2017,15,746,3.361,0.92,298,5.49,7.3,14.8,1.4,81,99,47,1.97,1.76,168,0,0
01/16/17,2017,16,747,3.624,1.02,305,5.75,8.5,17.2,2.5,79,96,43,2.27,2.11,247,0,0.25
01/17/17,2017,17,748,3.401,1.07,295,6.47,9.5,17.8,3.4,70,93,38,2.33,2.19,281,27,0
01/18/17,2017,18,749,1.157,2.73,101,12.45,9,13.3,3.3,76,89,63,1.38,1.95,176,0,3.56
01/19/17,2017,19,750,2.45,1.77,301,10.58,10.2,13.8,7,86,99,61,1.74,1.58,272,18,6.1
01/20/17,2017,20,751,1.118,2.48,343,12.35,8.2,10.7,5.2,90,97,74,0.97,1.2,160,0,39.12
01/21/17,2017,21,752,2.615,2.41,274,12.08,9,12.3,5,79,98,58,1.83,1.7,190,0,4.57
01/22/17,2017,22,753,0.638,5.64,129,17.74,9.9,13.3,7.5,86,98,74,1.09,1.21,271,17,35.81
01/23/17,2017,23,754,1.773,1.81,305,8.03,6.5,9.1,2.7,88,95,74,1.14,1.31,67,0,10.92
01/24/17,2017,24,755,3.164,1.41,305,5.49,5.4,11.1,0,79,100,54,1.76,1.72,51,0,0.76
01/25/17,2017,25,756,3.981,1.39,306,5.95,5.5,13.5,-1.6,71,94,27,2.44,2.29,70,0,0
01/26/17,2017,26,757,3.965,1.53,324,8.3,6.3,15.6,-1.5,65,96,25,2.69,2.65,120,0,0
01/27/17,2017,27,758,4.044,1.32,310,6.24,6.9,15.2,0.3,62,85,32,2.56,2.5,150,0,0
01/28/17,2017,28,759,4.173,0.95,297,4.64,10.6,21.5,1.9,54,84,21,3,2.91,333,79,0
01/29/17,2017,29,760,4.22,1.08,293,5.75,12.6,24.2,3.6,47,70,17,3.45,3.5,433,179,0
01/30/17,2017,30,761,4.251,0.95,293,5.49,14,24.3,6.9,43,63,21,3.36,3.32,508,254,0
01/31/17,2017,31,762,4.212,0.93,256,5.62,13.3,22.9,7,50,64,21,3.24,3.14,479,225,0
02/01/17,2017,32,763,3.888,2.98,160,10.88,12.2,19.2,5.4,47,85,27,3.77,3.44,359,105,0
02/02/17,2017,33,764,1.203,3.28,119,10.09,13.1,15.9,10.1,71,90,45,2.11,1.76,391,137,1.02
02/03/17,2017,34,765,2.134,1.68,169,7.25,13.7,16.7,10.4,90,99,74,1.63,1.69,415,161,5.84
02/04/17,2017,35,766,3.698,2.1,292,10.65,11.9,16.5,6.8,91,100,64,2.3,2.51,329,75,0.25
02/05/17,2017,36,767,1.778,2.23,128,10.26,10.5,14.2,5.9,90,100,76,1.3,1.76,257,3,6.35
02/06/17,2017,37,768,2.168,2.26,149,8.82,13.7,17.6,10.7,82,97,59,2.05,2,444,190,15.24
02/07/17,2017,38,769,0.556,1.34,137,6.86,14.4,15,13.3,93,100,67,0.71,0.59,445,191,16
02/08/17,2017,39,770,2.203,1.05,244,4.67,16.2,20.2,13.8,93,100,79,1.7,1.67,573,319,1.27
02/09/17,2017,40,771,3.704,1.42,279,7.18,15.6,21.4,11.7,90,100,66,2.58,2.65,551,297,0
02/10/17,2017,41,772,0.647,1.2,236,6.57,13.5,14.6,11.7,96,100,87,0.53,0.73,398,144,22.35
02/11/17,2017,42,773,2.29,3.42,287,9.57,10.7,13.3,7.5,83,99,56,2.01,1.66,274,19,2.29
02/12/17,2017,43,774,4.546,1.81,315,13.52,11.3,19.9,3.9,74,97,49,3.05,3.55,340,86,0
02/13/17,2017,44,775,4.36,1.39,285,6.83,11.6,20.2,4.5,79,97,50,2.89,3.19,360,106,0
02/14/17,2017,45,776,4.267,1.28,288,5.62,13.3,22.2,6.7,79,100,41,3.11,3.23,459,205,0
02/15/17,2017,46,777,4.296,1.07,317,5.91,14.9,24.9,8.1,63,96,20,3.51,3.43,552,298,0
02/16/17,2017,47,778,1.34,1.38,325,7.58,10.9,14.3,5.4,80,98,55,1.29,1.53,248,0,7.62
02/17/17,2017,48,779,0.156,5.09,133,18.91,11.2,12.9,10,92,99,83,0.58,0.71,320,66,68.58
02/18/17,2017,49,780,1.643,2.58,293,10.26,9.2,11.1,7.4,96,99,91,0.92,1.21,221,0,8.13
02/19/17,2017,50,781,2.065,1.76,121,8.1,9.5,13.3,5.7,90,99,67,1.53,1.72,230,0,10.41
02/20/17,2017,51,782,1.966,4.39,125,10.75,13.1,15.4,10.6,84,94,76,1.68,1.78,390,136,2.79
02/21/17,2017,52,783,2.452,2.7,148,9.77,13.5,17.6,6.8,81,95,66,2.06,2.66,357,103,1.02
02/22/17,2017,53,784,2.113,1.86,321,8.27,8.2,14.2,4.4,82,97,50,1.86,2.08,224,0,0
02/23/17,2017,54,785,1666.667,-9999,-9999,-999,-9999,-9999,-9999,-9999,-9999,-9999,-9999,-9999,-9999,-9999,-9999
02/24/17,2017,55,786,1666.667,-9999,-9999,-999,-9999,-9999,-9999,-9999,-9999,-9999,-9999,-9999,-9999,-9999,-9999
02/25/17,2017,56,787,1666.667,-9999,-9999,-999,-9999,-9999,-9999,-9999,-9999,-9999,-9999,-9999,-9999,-9999,-9999
02/26/17,2017,57,788,1666.667,-9999,-9999,-999,-9999,-9999,-9999,-9999,-9999,-9999,-9999,-9999,-9999,-9999,-9999
02/27/17,2017,58,789,1666.667,-9999,-9999,-999,-9999,-9999,-9999,-9999,-9999,-9999,-9999,-9999,-9999,-9999,-9999
02/28/17,2017,59,790,1666.667,-9999,-9999,-999,-9999,-9999,-9999,-9999,-9999,-9999,-9999,-9999,-9999,-9999,-9999
