date,year,doy,dor,solar_kW-hr/m2,wind_speed_m/s,wind_dir_deg.,speed_gust_m/s,tavg_C,tmax_C,tmin_C,RH_avg,RH_max,RH_min,Penman_ET_mm,growing_deg_days_40,growing_deg_days_50,soil_moisture_avg,soil_moisture_max,soil_moisture_min,precip_mm
2016-01-01,2016,001,1,3.121,1.1,290,6.27,7,16.2,-0.5,51,82,19,2.17,156,0,0.16,0.16,0.15,0
2016-01-02,2016,002,2,1.544,2,94,8.95,9.6,14.8,3.6,40,70,21,2.62,218,0,0.16,0.16,0.16,0
2016-01-03,2016,003,3,1.778,4.41,107,17.47,11.5,14.2,8.4,61,75,49,2.15,314,60,0.16,0.16,0.16,0
2016-01-04,2016,004,4,1.831,1.28,300,7.32,12.1,18,8.6,66,84,42,1.92,403,149,0.17,0.17,0.16,0
2016-01-05,2016,005,5,0.894,3.25,278,12.58,10.4,12.7,7.2,87,97,69,1.2,253,0,0.35,0.48,0.17,24.89
2016-01-06,2016,006,6,0.953,1.56,38,10.16,7.9,12.2,4.8,91,98,79,1.21,185,0,0.46,0.48,0.43,32
2016-01-07,2016,007,7,2.291,2.61,306,8.95,7.7,11.3,3.8,86,98,63,1.53,143,0,0.46,0.48,0.44,11.94
2016-01-08,2016,008,8,3.036,2.08,290,9.73,7.8,14.4,2.7,75,94,51,2.26,188,0,0.42,0.44,0.42,0
2016-01-09,2016,009,9,1.137,2.46,113,10.26,9.1,12.4,4,78,93,62,1.62,172,0,0.41,0.42,0.41,0.25
2016-01-10,2016,010,10,1.126,1.21,301,5.49,9.6,12.3,6.1,91,98,80,1.03,219,0,0.4,0.41,0.4,1.78
2016-01-11,2016,011,11,2.657,1.58,307,7.35,10.4,16.9,5.1,79,99,44,2.05,298,44,0.41,0.42,0.4,0
2016-01-12,2016,012,12,3.502,1.32,307,6.6,9.7,20.4,1.7,59,89,20,2.82,302,48,0.4,0.41,0.39,0
2016-01-13,2016,013,13,2.787,2.32,309,9.96,10.5,18.8,4,73,96,43,2.83,318,64,0.4,0.4,0.39,0
2016-01-14,2016,014,14,2.771,1.97,348,13.29,9.1,15.6,4.8,86,99,50,2.13,262,8,0.4,0.4,0.39,0
2016-01-15,2016,015,15,3.052,1.93,292,9.44,11.9,19.2,5.2,82,97,50,2.76,354,100,0.39,0.4,0.39,0
2016-01-16,2016,016,16,2.806,2.13,305,10.55,12.5,20.3,7.8,86,99,60,2.7,440,186,0.4,0.4,0.39,0
2016-01-17,2016,017,17,1.986,1.27,307,6.96,11,16.6,6.4,89,100,68,1.66,324,70,0.39,0.4,0.39,0.25
2016-01-18,2016,018,18,1.943,1.08,323,5.91,12.8,18.3,8.8,90,98,63,1.63,416,162,0.39,0.4,0.39,2.54
2016-01-19,2016,019,19,0.449,0.79,40,4.87,12.1,13.8,8.9,95,100,86,0.72,316,61,0.44,0.52,0.39,24.13
2016-01-20,2016,020,20,2.198,1.06,316,4.61,10.7,15.6,7.2,94,100,76,1.47,319,65,0.47,0.49,0.46,0.51
2016-01-21,2016,021,21,3.15,1.68,328,9.7,12.5,21.5,5.9,68,100,27,2.91,424,170,0.45,0.46,0.44,0
2016-01-22,2016,022,22,2.862,1.65,301,6.37,13.1,21.6,6.8,67,89,31,3,446,192,0.44,0.44,0.43,0
2016-01-23,2016,023,23,2.801,3.26,296,11.86,11.6,15.6,9,79,98,52,1.87,360,106,0.43,0.43,0.43,1.27
2016-01-24,2016,024,24,3.552,2.79,332,10.19,11.3,17.1,5.4,59,86,32,2.89,310,56,0.42,0.43,0.41,0
2016-01-25,2016,025,25,3.756,2.21,8,12.08,11.2,19.9,3.9,58,85,26,3.53,339,85,0.41,0.42,0.41,0
2016-01-26,2016,026,26,3.812,1.58,306,7.68,10.9,19.4,2.9,58,79,31,3.21,306,53,0.41,0.41,0.4,0
2016-01-27,2016,027,27,2.734,1.12,315,5.95,12.1,21.5,5.5,55,85,17,2.67,415,161,0.4,0.41,0.4,0
2016-01-28,2016,028,28,3.621,1.87,311,12.7,11.6,20.7,3.6,61,88,23,3.52,350,96,0.4,0.4,0.39,0
2016-01-29,2016,029,29,3.507,2.24,329,12.64,12.9,23.3,5.6,70,97,40,3.8,457,203,0.39,0.4,0.39,0
2016-01-30,2016,030,30,3.312,2.12,310,8.62,11.8,17.4,5.1,88,98,68,2.69,310,56,0.39,0.4,0.39,0
2016-01-31,2016,031,31,1.676,3.98,307,13,8.7,11.5,6,81,98,64,1.36,197,0,0.44,0.51,0.39,22.1
2016-02-01,2016,032,32,4.135,4.41,323,12.84,8,12.5,2.1,45,67,26,2.98,129,0,0.44,0.46,0.43,0
2016-02-02,2016,033,33,3.218,2.32,287,10.39,5.6,12.4,-2.2,66,96,32,2.53,30,0,0.42,0.43,0.41,0
2016-02-03,2016,034,34,4.031,1.52,300,6.96,7.3,16.1,-0.1,70,98,34,2.72,163,0,0.41,0.42,0.41,0.25
2016-02-04,2016,035,35,4.121,1.28,297,6.43,9,19.2,1.1,70,95,34,2.96,262,8,0.41,0.41,0.4,0
2016-02-05,2016,036,36,4.229,1.28,297,8.03,11.8,21.4,4.3,47,75,19,3.4,384,130,0.4,0.41,0.4,0
2016-02-06,2016,037,37,4.288,1.47,349,7.68,14.3,25.2,5.7,37,62,12,4.32,504,250,0.4,0.4,0.39,0
2016-02-07,2016,038,38,4.321,1.15,297,5.72,16.1,26.7,7.7,40,54,14,4.12,582,328,0.39,0.4,0.39,0
2016-02-08,2016,039,39,4.387,1.09,300,5.95,18.1,28.5,10.6,34,50,15,4.26,691,437,0.39,0.39,0.38,0
2016-02-09,2016,040,40,4.4,1.06,290,5.95,18.4,29.1,9.7,33,60,14,4.24,683,429,0.38,0.39,0.37,0
2016-02-10,2016,041,41,4.515,0.99,283,5,17.1,27.4,9.2,45,64,21,3.94,635,381,0.37,0.38,0.36,0
2016-02-11,2016,042,42,4.6,1.04,278,6.14,17.5,28.1,9.7,40,67,16,4.11,662,408,0.36,0.37,0.35,0
2016-02-12,2016,043,43,4.269,1,272,5.72,16.3,27,8.5,53,82,20,3.73,608,354,0.35,0.35,0.34,0
2016-02-13,2016,044,44,4.506,1.95,354,13.13,17.9,28.2,7.7,41,80,11,5.32,619,365,0.34,0.34,0.33,0
2016-02-14,2016,045,45,4.482,2.64,7,16.27,18.8,26.1,10.2,34,54,14,5.39,626,372,0.32,0.33,0.32,0
2016-02-15,2016,046,46,4.708,1.5,302,7.55,19,30.3,9.3,44,63,18,5.31,702,448,0.31,0.32,0.31,0
2016-02-16,2016,047,47,4.795,1.22,262,6.86,19.3,29.7,11.7,37,52,16,4.83,744,490,0.3,0.31,0.29,0
2016-02-17,2016,048,48,0.967,4.78,136,13.52,16.1,21.2,11.6,50,89,25,2.47,547,293,0.29,0.29,0.28,0.25
2016-02-18,2016,049,49,4.754,2.57,303,11.69,11.3,16.5,5.9,80,97,52,3.11,308,54,0.28,0.29,0.28,12.19
2016-02-19,2016,050,50,4.59,2.4,304,11.1,9.4,16.5,3.6,83,98,51,3.21,256,2,0.28,0.28,0.28,0
2016-02-20,2016,051,51,4.877,1.38,297,7.09,10.1,19.6,2.1,81,98,45,3.44,293,39,0.28,0.28,0.27,0
2016-02-21,2016,052,52,4.994,1.81,284,10.06,11.7,23.3,3.2,78,100,40,4.43,402,148,0.28,0.28,0.27,0.25
2016-02-22,2016,053,53,5.078,2.48,356,11.63,15.5,26.6,3.6,40,90,8,5.54,489,235,0.27,0.28,0.27,0
2016-02-23,2016,054,54,4.486,1.06,281,6.33,15.2,26.4,6.5,39,69,16,4.17,549,295,0.27,0.27,0.27,0
2016-02-24,2016,055,55,5.09,1.25,298,7.25,14.6,25.3,5.9,48,73,19,4.42,510,256,0.26,0.27,0.26,0
2016-02-25,2016,056,56,5.098,1.18,276,6.67,15.3,26,7.2,52,78,21,4.36,555,301,0.26,0.26,0.25,0
2016-02-26,2016,057,57,4.747,1.57,273,10.65,14.2,24.9,7.3,66,95,29,4.28,533,279,0.25,0.26,0.25,0
2016-02-27,2016,058,58,5.116,2.18,294,11.6,14.3,26.3,6.8,79,100,34,5.13,554,300,0.25,0.25,0.24,0
2016-02-28,2016,059,59,4.818,2.04,5,11.6,17.2,28.3,5.4,56,100,16,5.62,569,315,0.24,0.25,0.24,0.25
2016-02-29,2016,060,60,5.359,2.17,24,11.01,18.4,29.2,8.1,39,64,11,6.43,650,396,0.24,0.24,0.24,0
2016-03-01,2016,061,61,5.295,2.17,294,11.53,16.2,25.4,7.4,45,84,23,5.3,546,292,0.24,0.24,0.23,0
2016-03-02,2016,062,62,5.169,1.52,300,8,13.5,23.5,5.7,70,99,37,4.24,464,210,0.23,0.23,0.23,0
2016-03-03,2016,063,63,3.911,1.67,299,6.6,11.1,18.6,3.4,83,100,49,3.29,300,46,0.23,0.23,0.23,0
2016-03-04,2016,064,64,3.173,1.99,327,9.8,13.9,20,9.6,85,97,61,3.05,473,219,0.23,0.23,0.22,0
2016-03-05,2016,065,65,1.873,2.77,130,10.88,14.1,17.7,12,91,99,75,1.87,475,221,0.22,0.23,0.22,9.14
2016-03-06,2016,066,66,5.428,2.96,308,10.13,11.2,15.4,4.5,77,97,51,3.45,252,0,0.36,0.4,0.22,13.72
2016-03-07,2016,067,67,1.945,2.86,296,16.76,7.7,10.1,5.1,86,94,75,1.59,145,0,0.48,0.51,0.38,26.67
2016-03-08,2016,068,68,5.636,3.81,294,12.9,11.4,17.4,5.3,68,89,43,4.04,316,62,0.46,0.48,0.44,0.25
2016-03-09,2016,069,69,5.529,1.81,301,12.8,12.3,21.7,4.2,78,96,54,4.55,389,135,0.43,0.44,0.42,0
2016-03-10,2016,070,70,5.439,1.24,306,6.4,14,23,6.8,81,99,48,4.05,478,224,0.41,0.42,0.4,0
2016-03-11,2016,071,71,1.287,2.96,319,14.86,10.3,14.6,8.2,80,96,22,1.69,317,63,0.45,0.5,0.39,15.75
2016-03-12,2016,072,72,5.727,4.33,299,11.92,11.1,15.2,7.3,67,86,57,3.71,312,58,0.47,0.49,0.45,0
2016-03-13,2016,073,73,2.867,1.6,306,7.94,11.9,16.7,5.3,84,97,64,2.62,300,46,0.44,0.45,0.43,1.27
2016-03-14,2016,074,74,5.78,3.66,297,11.99,14.2,18.7,9.4,81,98,53,3.91,439,185,0.43,0.43,0.43,1.27
2016-03-15,2016,075,75,5.939,2.33,351,12.74,14.7,24.1,4.4,56,95,16,5.47,447,193,0.41,0.43,0.4,0
2016-03-16,2016,076,76,6.055,1.19,316,5.23,17,26.2,7.4,51,83,21,5,564,310,0.38,0.4,0.37,0
2016-03-17,2016,077,77,6.015,1.27,304,6.83,17.4,26.4,9.3,61,92,30,4.95,613,359,0.36,0.37,0.34,0
2016-03-18,2016,078,78,5.974,1.56,259,6.24,12.4,19.2,5.9,88,99,67,4.05,371,117,0.33,0.34,0.33,0
2016-03-19,2016,079,79,4.562,1.46,300,8.13,13,19.7,9.2,91,100,65,3.33,458,204,0.32,0.33,0.32,0.25
2016-03-20,2016,080,80,6.141,1.67,292,7.77,14,21.6,7.3,81,99,49,4.54,458,204,0.31,0.32,0.3,0
2016-03-21,2016,081,81,4.579,2.84,313,10.97,13.5,17.8,10.6,76,96,49,3.31,445,191,0.29,0.3,0.29,0
2016-03-22,2016,082,82,6.261,4.05,324,14.05,13.2,18.8,8.5,54,82,29,4.68,420,166,0.28,0.29,0.27,0
2016-03-23,2016,083,83,6.426,2.24,314,16.46,13.6,21.8,5.9,50,84,25,5.41,431,177,0.27,0.27,0.26,0
2016-03-24,2016,084,84,6.403,2.27,339,10.32,14.8,26.4,4.2,57,94,24,6.3,496,242,0.26,0.26,0.25,0
2016-03-25,2016,085,85,6.485,3.09,344,12.77,16.1,26.5,6.9,59,94,16,6.19,560,306,0.25,0.25,0.25,0
2016-03-26,2016,086,86,6.491,2.22,265,11.95,14.4,27.4,6.5,69,96,22,6.39,572,318,0.24,0.25,0.24,0
2016-03-27,2016,087,87,6.254,2.05,274,10.65,12.5,22.1,5,79,98,45,5.23,417,163,0.24,0.24,0.23,0
2016-03-28,2016,088,88,5.393,3.57,288,14.93,9.3,13.7,4.3,76,98,45,3.36,207,0,0.23,0.24,0.23,0
2016-03-29,2016,089,89,6.043,2.45,290,10.09,7.7,14.9,-0.4,75,96,46,4.1,128,0,0.23,0.23,0.22,0
2016-03-30,2016,090,90,6.469,1.99,308,10.91,9,18.9,1.1,70,97,35,4.93,254,0,0.22,0.23,0.22,0
2016-03-31,2016,091,91,6.631,2.6,309,13.98,10.7,21.7,2,73,98,35,5.53,338,84,0.22,0.23,0.22,0
2016-04-01,2016,092,92,6.168,1.43,299,7.22,12.4,24,4.5,77,100,43,5.04,448,194,0.22,0.23,0.22,0
2016-04-02,2016,093,93,6.665,1.41,278,6.99,14.1,26.1,4.3,73,98,31,5.64,492,238,0.22,0.23,0.22,0
2016-04-03,2016,094,94,6.761,1.51,289,9.54,14.2,26.7,4.5,72,100,21,5.91,509,255,0.22,0.23,0.22,0
2016-04-04,2016,095,95,6.765,2.12,312,10.58,15.2,28.5,5.2,70,100,20,6.92,567,313,0.22,0.23,0.22,0
2016-04-05,2016,096,96,6.897,1.61,268,7.28,18.5,31.1,6.7,52,89,20,7.07,661,407,0.22,0.23,0.22,0
2016-04-06,2016,097,97,6.097,1.61,290,9.02,21.2,33.5,12.9,45,73,13,7.09,856,602,0.22,0.23,0.22,0
2016-04-07,2016,098,98,4.147,1.4,270,9.47,15.6,24.2,11.4,71,97,34,3.9,613,359,0.22,0.22,0.22,3.3
2016-04-08,2016,099,99,1.138,0.86,172,5.39,13.7,15.9,12.9,95,99,84,1.04,456,202,0.22,0.22,0.21,6.35
2016-04-09,2016,100,100,2.768,1.98,115,8.53,13.9,17.9,11.1,84,96,62,2.59,461,207,0.21,0.21,0.21,3.81
2016-04-10,2016,101,101,3.59,1.73,280,7.51,14,18.3,11.2,87,98,65,2.86,471,217,0.21,0.21,0.21,0.25
2016-04-11,2016,102,102,5.008,1.72,270,7.74,14.1,20.4,8.6,80,97,51,4.07,459,205,0.21,0.22,0.21,0
2016-04-12,2016,103,103,5.34,1.85,249,9.5,13.3,20.7,10,84,98,55,4.22,498,244,0.21,0.22,0.21,0
2016-04-13,2016,104,104,5.398,2.29,285,12.48,13.6,22.3,6.5,79,98,34,4.96,454,200,0.21,0.22,0.21,0
2016-04-14,2016,105,105,7.078,4.13,290,14.63,12.1,19.8,4.5,72,99,39,5.24,351,97,0.21,0.22,0.21,0
2016-04-15,2016,106,106,7.316,3.82,341,14.44,15.6,22,8.5,41,81,20,6,494,240,0.21,0.22,0.21,0
2016-04-16,2016,107,107,7.387,2.05,295,10.03,16.3,26.9,5.9,44,75,19,7.3,547,293,0.22,0.22,0.21,0
2016-04-17,2016,108,108,7.464,1.61,260,9.05,19.5,30.1,8.3,35,64,12,7.48,677,423,0.22,0.22,0.21,0
2016-04-18,2016,109,109,7.385,1.67,290,8.72,20.1,30.5,10.7,33,59,14,7.64,737,483,0.22,0.23,0.21,0
2016-04-19,2016,110,110,6.792,1.59,286,9.21,19.5,29.4,10.3,32,52,11,7.18,705,451,0.22,0.23,0.21,0
2016-04-20,2016,111,111,7.444,1.55,277,8.27,17.1,27.8,6.5,35,67,10,6.97,582,328,0.22,0.23,0.21,0
2016-04-21,2016,112,112,7.21,1.67,292,9.37,15.2,25.8,4.5,61,92,30,6.38,489,235,0.22,0.23,0.21,0
2016-04-22,2016,113,113,5.736,2.81,284,11.53,13.7,21.1,7.6,74,98,44,4.84,451,197,0.22,0.22,0.21,0
2016-04-23,2016,114,114,7.587,3.78,316,14.01,15.8,24.7,8.4,52,92,22,6.52,555,301,0.22,0.22,0.21,0
2016-04-24,2016,115,115,6.365,3.07,302,14.14,12.4,22,4.6,73,98,41,5.53,405,151,0.22,0.22,0.21,0
2016-04-25,2016,116,116,7.489,5.35,292,14.27,11.2,16.5,6.9,60,86,44,5.04,332,78,0.22,0.22,0.21,0
2016-04-26,2016,117,117,7.08,3.3,292,14.08,12.6,22.6,4.3,59,93,23,6.07,413,159,0.22,0.22,0.21,0
2016-04-27,2016,118,118,7.152,3.73,301,13.36,11.8,20.9,4.7,69,96,29,5.65,383,129,0.22,0.22,0.21,0
2016-04-28,2016,119,119,7.519,4.58,287,12.8,12.4,18.9,7.5,72,90,48,5.39,400,146,0.22,0.22,0.21,0
2016-04-29,2016,120,120,6.727,2.52,269,11.63,12.4,20,8.3,78,96,48,5.09,443,189,0.22,0.22,0.21,0
2016-04-30,2016,121,121,7.565,2.51,293,13.52,14,25.1,6,63,94,23,6.74,506,252,0.22,0.22,0.21,0
2016-05-01,2016,122,122,7.663,1.92,266,9.7,16.9,26.2,8.2,53,86,24,6.97,583,329,0.22,0.22,0.21,0
2016-05-02,2016,123,123,7.475,1.72,274,7.61,15.4,25.8,6.2,70,98,40,6.45,529,275,0.22,0.22,0.21,0
2016-05-03,2016,124,124,6.166,1.62,268,8.69,17.3,27.8,9.2,66,93,30,6.08,643,389,0.22,0.22,0.21,0
2016-05-04,2016,125,125,5.524,2.17,263,8.39,14,19.5,8.1,75,97,52,4.46,426,172,0.21,0.22,0.21,0
2016-05-05,2016,126,126,2.394,1.39,277,6.67,13.6,18.4,8.7,76,94,50,2.54,416,162,0.21,0.21,0.21,0.51
2016-05-06,2016,127,127,2.959,1.23,320,7.05,12,20.1,7.3,88,98,50,2.96,422,168,0.36,0.58,0.2,52.58
2016-05-07,2016,128,128,3.756,1.21,17,5.39,13,18.9,7.8,82,100,55,3.06,406,152,0.51,0.53,0.49,0.25
2016-05-08,2016,129,129,6.963,2.02,307,9.5,14.5,21.8,8,78,99,48,5.57,479,225,0.49,0.5,0.48,0
2016-05-09,2016,130,130,5.537,1.99,250,9.5,14.2,21.8,10.6,82,98,54,4.73,538,284,0.48,0.48,0.47,0
2016-05-10,2016,131,131,6.654,2.04,252,8.92,14.9,21.5,9.5,79,96,55,5.35,506,252,0.47,0.48,0.47,0
2016-05-11,2016,132,132,6.909,1.75,308,7.32,15.4,24.8,9.1,79,99,47,5.88,572,318,0.47,0.48,0.46,0
2016-05-12,2016,133,133,7.611,1.75,295,7.35,16.4,27.8,8.6,76,100,39,6.87,628,374,0.47,0.48,0.46,0
2016-05-13,2016,134,134,6.95,1.97,292,8.07,14.5,24.9,8.7,81,100,46,6.14,565,311,0.47,0.47,0.46,0
2016-05-14,2016,135,135,6.821,2.61,279,11.66,15.5,23.3,10.8,76,95,44,5.76,577,323,0.46,0.47,0.45,0
2016-05-15,2016,136,136,6.321,2.68,277,11.79,14.8,22.4,11.2,80,95,49,5.27,564,310,0.46,0.47,0.45,0
2016-05-16,2016,137,137,7.09,2.24,248,11.07,15.2,23.3,10.5,76,96,45,5.9,571,317,0.46,0.47,0.45,0
2016-05-17,2016,138,138,7.501,1.89,266,8.82,16.8,25.2,10.1,72,99,42,6.33,604,350,0.46,0.47,0.45,0
2016-05-18,2016,139,139,7.939,2.25,288,11.53,19,29.8,9.7,62,95,30,7.88,701,447,0.46,0.47,0.45,0
2016-05-19,2016,140,140,7.327,2.23,277,9.44,13.7,21.7,7.5,77,99,45,5.78,464,210,0.45,0.46,0.45,0
2016-05-20,2016,141,141,6.456,2.93,290,10.39,11.9,17.1,8.2,67,91,43,4.62,373,119,0.45,0.46,0.44,0
2016-05-21,2016,142,142,7.934,2.53,301,11.5,11.6,19.4,3.4,68,96,33,5.84,320,66,0.44,0.45,0.43,0
2016-05-22,2016,143,143,7.953,2.47,314,11.73,12.6,20.4,4.3,71,97,38,6,362,108,0.44,0.45,0.43,0
2016-05-23,2016,144,144,7.245,2.25,260,9.87,13.4,20.1,7.2,72,94,47,5.56,421,167,0.44,0.45,0.43,0
2016-05-24,2016,145,145,5.129,2.13,292,9.18,13.9,19.9,8,72,92,48,4.55,434,180,0.43,0.44,0.43,0
2016-05-25,2016,146,146,6.283,3.04,282,12.74,13.8,20.1,9.3,75,91,50,5.07,469,215,0.43,0.44,0.43,0
2016-05-26,2016,147,147,7.072,2.69,278,12.35,14.1,22.1,7.9,75,93,47,5.88,483,229,0.43,0.44,0.42,0
2016-05-27,2016,148,148,7.212,1.76,280,8.69,15.5,24.9,7.8,73,99,43,6.19,545,291,0.43,0.45,0.42,0
2016-05-28,2016,149,149,7.86,1.92,273,8.88,17.3,26.6,8.2,68,95,36,7.08,594,340,0.44,0.45,0.43,0
2016-05-29,2016,150,150,6.421,1.99,290,8.43,15.2,23.2,9.4,78,97,47,5.6,543,289,0.44,0.45,0.43,0
2016-05-30,2016,151,151,7.368,2.13,281,10.22,16.8,26.3,10.3,72,97,38,6.71,635,381,0.44,0.45,0.43,0
2016-05-31,2016,152,152,7.987,2.25,275,10.94,18.6,29.7,8.3,63,95,26,8.01,667,413,0.44,0.45,0.43,0
2016-06-01,2016,153,153,8.024,2.15,262,9.57,19.3,30.4,8,62,100,31,8.13,673,419,0.44,0.45,0.43,0
2016-06-02,2016,154,154,8.339,2.04,285,9.31,22.6,35.3,9.2,47,90,9,9.66,814,560,0.44,0.45,0.43,0
2016-06-03,2016,155,155,8.239,1.97,287,8.17,25.8,36.1,14.6,32,60,13,9.91,956,702,0.45,0.46,0.43,0
2016-06-04,2016,156,156,8.312,1.76,264,9.05,25.2,36.8,15.2,36,70,10,9.53,986,732,0.45,0.46,0.44,0
2016-06-05,2016,157,157,8.189,1.83,283,7.84,20.1,31.9,10.9,55,86,23,8.39,776,522,0.45,0.46,0.44,0
2016-06-06,2016,158,158,8.177,2.27,260,9.44,17.5,28.6,7.6,68,99,34,7.8,624,370,0.45,0.46,0.44,0
2016-06-07,2016,159,159,7.742,2.11,281,10.55,16.8,29,7.9,73,98,33,7.71,641,387,0.44,0.45,0.43,0
2016-06-08,2016,160,160,7.262,2.11,247,9.21,17.5,27.1,9.8,73,93,41,6.98,641,387,0.44,0.45,0.43,0
2016-06-09,2016,161,161,7.696,2.29,279,9.18,16.5,26.6,9.1,72,98,37,7.01,613,359,0.44,0.45,0.43,0
2016-06-10,2016,162,162,5.833,1.97,233,8.59,17.3,25,10.1,70,92,48,5.78,599,345,0.44,0.44,0.43,0
2016-06-11,2016,163,163,6.715,2.08,257,8.43,16.7,23.6,9.2,73,92,53,6,546,292,0.43,0.44,0.42,0
2016-06-12,2016,164,164,3.127,1.95,255,8.27,17.1,21.6,10.2,72,92,56,3.73,524,270,0.43,0.43,0.42,0
2016-06-13,2016,165,165,8.022,2.31,289,10.22,16.2,26.1,7.8,72,96,41,7.18,572,318,0.42,0.43,0.41,0
2016-06-14,2016,166,166,7.967,2.55,294,11.47,15.6,24.3,6.7,66,93,36,6.87,505,251,0.42,0.43,0.41,0
2016-06-15,2016,167,167,7.86,2.79,312,11.6,13.3,20.3,6.3,68,94,33,5.94,405,151,0.42,0.43,0.41,0
2016-06-16,2016,168,168,8.131,2.38,288,11.1,16.1,26,7.3,61,92,26,7.33,559,305,0.42,0.43,0.41,0
2016-06-17,2016,169,169,7.766,1.83,281,9.6,17.6,28.7,7.8,63,94,28,7.49,631,377,0.42,0.43,0.41,0
2016-06-18,2016,170,170,7.483,1.93,302,8.78,18.8,30.4,8.4,66,99,29,7.73,682,428,0.42,0.43,0.41,0
2016-06-19,2016,171,171,8.035,2.09,279,9.9,22,33.6,9.1,51,93,19,9.03,774,520,0.42,0.43,0.41,0
2016-06-20,2016,172,172,8.023,2.01,279,8.1,25.3,38.2,12.9,43,74,18,10.26,964,710,0.42,0.43,0.41,0
2016-06-21,2016,173,173,7.932,1.84,263,8.1,25.5,38.2,14.2,41,68,16,9.9,993,739,0.43,0.44,0.41,0
2016-06-22,2016,174,174,8.147,2.34,250,10.09,21.8,33,10.2,50,86,19,8.98,784,530,0.43,0.43,0.42,0
2016-06-23,2016,175,175,8.231,2.56,291,14.01,21.8,38,8.7,48,92,12,10.38,863,609,0.42,0.43,0.41,0
2016-06-24,2016,176,176,8.288,3.17,298,16.66,19.5,30.4,9,52,83,23,8.53,698,444,0.42,0.43,0.41,0
2016-06-25,2016,177,177,8.343,2.42,300,13.98,21.5,37.6,7.4,50,94,12,10.42,826,572,0.41,0.42,0.4,0
2016-06-26,2016,178,178,8.195,2.01,285,8.56,25.2,38.3,11,37,76,14,10.46,922,668,0.42,0.43,0.4,0
2016-06-27,2016,179,179,7.891,1.86,237,8.82,27.8,39.1,15.8,31,56,15,10.23,1052,798,0.42,0.43,0.41,0
2016-06-28,2016,180,180,7.56,1.92,283,9.57,27.2,37.4,18.2,36,59,21,9.64,1068,814,0.42,0.43,0.41,0
2016-06-29,2016,181,181,7.99,2.29,206,11.56,23,33.9,10.8,50,85,20,9.1,820,566,0.42,0.42,0.41,0
2016-06-30,2016,182,182,8.277,1.9,164,7.55,17.9,29.7,7.7,65,98,32,8,652,398,0.41,0.42,0.39,0
2016-07-01,2016,183,183,8.094,1.87,273,7.18,17.5,29.6,8.2,69,97,39,7.81,659,405,0.39,0.39,0.38,0
2016-07-02,2016,184,184,8.05,1.82,256,8.72,18.7,29.5,8.6,68,95,36,7.71,669,415,0.38,0.39,0.37,0
2016-07-03,2016,185,185,7.695,1.72,257,8.43,18.1,28.3,9.7,68,93,34,7.13,665,411,0.38,0.39,0.37,0
2016-07-04,2016,186,186,8.039,1.87,274,7.9,17.6,27.5,8.6,68,94,39,7.34,622,368,0.37,0.38,0.36,0
2016-07-05,2016,187,187,8.061,2.24,274,10.58,17.1,26.2,8.5,69,98,39,7.13,591,337,0.37,0.37,0.36,0
2016-07-06,2016,188,188,8.2,2.46,285,9.41,16.2,25.8,8.7,73,100,39,7.04,584,330,0.36,0.37,0.35,0
2016-07-07,2016,189,189,7.924,2.31,272,10.65,16.6,27.3,8.3,70,99,34,7.31,611,357,0.36,0.36,0.35,0
2016-07-08,2016,190,190,7.885,2.16,272,8.95,17.4,27.9,7.9,68,98,32,7.5,616,362,0.35,0.36,0.34,0
2016-07-09,2016,191,191,7.593,2.23,269,11.76,19.7,32.1,9.5,62,92,27,8.4,750,496,0.34,0.35,0.34,0
2016-07-10,2016,192,192,8.101,2.62,303,14.57,18.1,27.6,9.1,61,93,28,7.53,634,380,0.34,0.34,0.33,0
2016-07-11,2016,193,193,8.19,2.14,288,11.5,17.7,29.2,6.3,61,96,28,8.08,609,355,0.33,0.34,0.33,0
2016-07-12,2016,194,194,8.103,2.34,242,11.95,17.7,29.6,6.3,61,96,22,8.13,616,362,0.33,0.33,0.32,0
2016-07-13,2016,195,195,8.004,2.01,226,9.41,19.4,31.6,8,59,91,27,8.55,702,448,0.32,0.33,0.32,0
2016-07-14,2016,196,196,8.005,1.79,261,8.03,21.1,33.2,9.3,56,90,27,8.54,767,513,0.32,0.33,0.31,0
2016-07-15,2016,197,197,8.082,1.97,255,8.27,20.9,32.5,11.2,56,85,21,8.65,797,543,0.32,0.32,0.31,0
2016-07-16,2016,198,198,8.137,1.79,248,9.24,18.4,29.2,7.6,63,92,34,7.73,639,385,0.31,0.32,0.3,0
2016-07-17,2016,199,199,8.095,1.83,259,8.59,18.2,29.9,8,64,96,33,7.83,663,409,0.3,0.31,0.3,0
2016-07-18,2016,200,200,8.068,1.85,280,8.72,18.1,30.9,6.8,63,95,25,8.15,657,403,0.3,0.3,0.29,0
2016-07-19,2016,201,201,8.101,1.97,284,7.94,19.1,30.9,8.2,60,94,25,8.27,690,436,0.29,0.3,0.29,0
2016-07-20,2016,202,202,8.008,1.83,277,8,21.4,34.5,9.5,53,92,19,8.85,802,548,0.29,0.3,0.28,0
2016-07-21,2016,203,203,7.927,2.44,274,12.15,21.6,33.6,10,50,82,23,9.04,795,541,0.28,0.29,0.28,0
2016-07-22,2016,204,204,7.84,2.55,320,13.98,23,35.8,11.5,46,76,19,9.55,878,624,0.28,0.29,0.27,0
2016-07-23,2016,205,205,7.996,1.9,304,10.16,23.1,37.2,9.5,48,89,15,9.72,865,611,0.28,0.28,0.27,0
2016-07-24,2016,206,206,7.867,1.65,244,7.42,24.3,37.2,14.3,44,76,16,9.05,975,721,0.27,0.28,0.27,0
2016-07-25,2016,207,207,7.566,1.63,286,7.42,23.3,35.3,13.4,53,83,19,8.37,911,657,0.27,0.27,0.26,0
2016-07-26,2016,208,208,7.531,1.87,284,9.24,26.2,37.6,15.6,41,73,14,9.34,1013,759,0.27,0.27,0.26,0
2016-07-27,2016,209,209,7.423,1.81,277,7.87,26.2,36.1,17.3,36,59,19,9.04,1019,765,0.26,0.27,0.26,0
2016-07-28,2016,210,210,7.058,1.81,258,9.05,24.9,35.2,15.5,38,63,18,8.63,957,703,0.26,0.26,0.25,0
2016-07-29,2016,211,211,7.259,1.64,260,8.1,24.8,36.5,13.7,46,72,19,8.62,946,692,0.25,0.26,0.25,0
2016-07-30,2016,212,212,7.213,1.7,266,8.75,24.7,36.1,14.4,49,71,23,8.6,952,698,0.25,0.26,0.24,0
2016-07-31,2016,213,213,7.352,1.8,242,8.23,23.4,33.5,14.6,59,82,34,8.03,895,641,0.25,0.25,0.24,0
2016-08-01,2016,214,214,7.464,1.95,258,9.21,22.3,33.2,14.1,60,88,29,8.15,876,622,0.24,0.25,0.24,0
2016-08-02,2016,215,215,7.593,2.02,271,8.85,20.4,31.3,10.9,62,90,31,8.02,762,508,0.24,0.24,0.23,0
2016-08-03,2016,216,216,7.541,2.09,266,9.05,19.8,30.9,9.8,62,91,27,7.95,727,473,0.24,0.24,0.23,0
2016-08-04,2016,217,217,4.749,1.49,229,7.51,15.8,28.3,8.2,74,97,39,5.34,630,376,0.23,0.23,0.23,0
2016-08-05,2016,218,218,1666.667,NA,NA,NA,NA,NA,NA,NA,NA,NA,NA,NA,NA,NA,NA,NA,NA
2016-08-06,2016,219,219,1666.667,NA,NA,NA,NA,NA,NA,NA,NA,NA,NA,NA,NA,NA,NA,NA,NA
2016-08-07,2016,220,220,1666.667,NA,NA,NA,NA,NA,NA,NA,NA,NA,NA,NA,NA,NA,NA,NA,NA
2016-08-08,2016,221,221,1666.667,NA,NA,NA,NA,NA,NA,NA,NA,NA,NA,NA,NA,NA,NA,NA,NA
2016-08-09,2016,222,222,1666.667,NA,NA,NA,NA,NA,NA,NA,NA,NA,NA,NA,NA,NA,NA,NA,NA
2016-08-10,2016,223,223,1666.667,NA,NA,NA,NA,NA,NA,NA,NA,NA,NA,NA,NA,NA,NA,NA,NA
2016-08-11,2016,224,224,1666.667,NA,NA,NA,NA,NA,NA,NA,NA,NA,NA,NA,NA,NA,NA,NA,NA
2016-08-12,2016,225,225,1666.667,NA,NA,NA,NA,NA,NA,NA,NA,NA,NA,NA,NA,NA,NA,NA,NA
2016-08-13,2016,226,226,0,0.5,316,2.29,17.9,19.5,17,63,66,59,1.21,633,379,0.22,0.22,0.22,0
2016-08-14,2016,227,227,7.301,1.67,253,8.17,24.8,37.4,12.3,48,84,18,8.69,934,680,0.22,0.22,0.21,0
2016-08-15,2016,228,228,7.517,1.74,288,7.8,20.4,33.4,8.5,56,91,17,8.1,754,500,0.21,0.22,0.21,0
2016-08-16,2016,229,229,7.533,1.57,252,7.74,19.9,34.5,6.8,57,92,15,8.15,739,485,0.21,0.22,0.2,0
2016-08-17,2016,230,230,7.441,1.56,256,8.62,20.7,34.4,7.4,53,89,14,8.07,751,497,0.21,0.21,0.2,0
2016-08-18,2016,231,231,6.942,1.59,244,8.92,19.6,33.1,9.8,53,85,10,7.52,778,524,0.21,0.21,0.2,0
2016-08-19,2016,232,232,6.806,1.5,258,7.02,18,32.7,7.8,66,99,21,7.12,722,468,0.21,0.21,0.2,0
2016-08-20,2016,233,233,6.058,1.48,306,7.48,18,31.8,8,67,97,28,6.56,706,452,0.2,0.21,0.2,0.25
2016-08-21,2016,234,234,5.126,1.49,237,6.63,18.5,29.3,11.5,65,86,31,5.61,730,476,0.2,0.2,0.2,0
2016-08-22,2016,235,235,5.022,1.51,270,6.7,17.7,28.4,9.6,70,92,39,5.41,663,409,0.2,0.2,0.2,0
2016-08-23,2016,236,236,6.318,1.92,269,9.6,18,29.1,10.3,68,95,29,6.56,697,443,0.2,0.2,0.19,0
2016-08-24,2016,237,237,6.307,1.92,272,9.63,17.8,29.4,9.5,67,96,22,6.63,686,432,0.2,0.2,0.19,0
2016-08-25,2016,238,238,6.308,1.73,275,7.51,17.6,27.5,9.1,71,99,39,5.97,634,380,0.2,0.2,0.19,0
2016-08-26,2016,239,239,6.019,1.68,284,7.68,16,25.6,9.8,77,99,46,5.34,606,352,0.19,0.2,0.19,0
2016-08-27,2016,240,240,5.935,1.8,296,8.07,16.1,24.8,10.2,77,99,47,5.23,598,344,0.19,0.2,0.19,0
2016-08-28,2016,241,241,6.569,1.79,278,7.77,17.9,29.5,8.8,69,95,37,6.65,671,417,0.19,0.2,0.19,0
2016-08-29,2016,242,242,6.669,1.8,276,8.82,20.3,35.4,8.9,62,96,24,8.05,808,554,0.19,0.2,0.19,0
2016-08-30,2016,243,243,6.601,2.02,269,10,21.9,35.7,11.7,53,83,22,8.44,879,625,0.19,0.2,0.19,0
2016-08-31,2016,244,244,6.618,2,256,8.59,18.9,30,9.6,63,88,33,7.11,703,449,0.19,0.2,0.19,0
2016-09-01,2016,245,245,6.674,1.8,278,8.59,17.2,28.8,8,70,97,37,6.55,639,385,0.19,0.2,0.19,0
2016-09-02,2016,246,246,6.396,1.9,295,8.43,16.7,29,9.1,74,100,34,6.42,668,414,0.19,0.2,0.19,0
2016-09-03,2016,247,247,6.259,2.37,294,9.87,15.3,25.2,8.9,78,100,42,5.65,576,322,0.19,0.19,0.19,0
2016-09-04,2016,248,248,6.371,2.7,282,13.23,15.5,22,10.9,70,90,38,5.13,550,296,0.19,0.19,0.18,0
2016-09-05,2016,249,249,6.277,2.03,241,9.47,16,24.8,8.7,69,91,40,5.77,562,308,0.19,0.19,0.18,0
2016-09-06,2016,250,250,6.389,1.83,283,9.44,18.7,30.4,7.8,57,96,29,6.77,670,416,0.19,0.19,0.18,0
2016-09-07,2016,251,251,6.396,1.73,266,7.51,21.2,31.5,12.4,51,88,24,6.71,800,546,0.19,0.19,0.18,0
2016-09-08,2016,252,252,6.023,1.97,292,8.85,18.9,28.6,12,72,95,40,6.08,726,472,0.19,0.19,0.18,0
2016-09-09,2016,253,253,6.142,1.67,285,7.9,18.2,29.5,10,71,95,39,6.08,700,446,0.19,0.19,0.18,0
2016-09-10,2016,254,254,6.259,1.55,252,7.12,18.9,31.4,9.8,66,94,26,6.41,739,485,0.19,0.19,0.18,0
2016-09-11,2016,255,255,6.216,1.57,307,7.55,17.2,28.4,8.3,69,96,35,5.85,634,380,0.18,0.19,0.18,0
2016-09-12,2016,256,256,5.522,2.03,284,8.88,15.1,22,9.5,81,100,56,4.53,515,261,0.18,0.19,0.18,0
2016-09-13,2016,257,257,4.791,1.8,282,7.74,14.8,21.4,7.3,69,94,42,4.24,454,200,0.18,0.18,0.18,0
2016-09-14,2016,258,258,6.121,1.67,294,9.44,14.8,25.1,6.2,65,93,32,5.42,512,258,0.18,0.18,0.18,0
2016-09-15,2016,259,259,6.079,1.74,288,8.56,17.1,29.5,7.4,62,94,24,6.26,639,385,0.18,0.18,0.17,0
2016-09-16,2016,260,260,5.964,1.77,284,8.07,17.3,29.3,7.2,64,94,31,6.23,632,378,0.18,0.18,0.17,0
2016-09-17,2016,261,261,5.966,1.86,306,7.22,21.5,34.4,9.6,51,88,19,7.44,802,548,0.18,0.18,0.17,0
2016-09-18,2016,262,262,6.126,1.84,279,9.41,28,38.7,16.5,21,60,6,8.39,1058,804,0.18,0.19,0.18,0
2016-09-19,2016,263,263,4.686,1.47,261,10.55,26.8,38.7,19.4,25,39,14,7.23,1124,870,0.18,0.18,0.18,0
2016-09-20,2016,264,264,5.655,1.73,300,9.15,23.7,32.7,16.1,41,64,26,6.73,912,658,0.18,0.18,0.18,0
2016-09-21,2016,265,265,5.355,2.24,286,11.73,19.6,30,9.4,58,89,17,6.33,696,442,0.18,0.18,0.18,0
2016-09-22,2016,266,266,5.902,3.38,295,12.38,14.5,22.3,7.2,67,93,25,4.95,472,218,0.18,0.18,0.17,0
2016-09-23,2016,267,267,5.501,2.54,354,12.25,18.9,27.3,6.8,41,92,15,5.91,575,321,0.17,0.18,0.17,0
2016-09-24,2016,268,268,5.759,1.89,292,9.18,21.9,33.4,11.3,31,52,12,7.54,818,564,0.18,0.18,0.17,0
2016-09-25,2016,269,269,5.736,1.93,279,9.57,25.5,36.2,15.5,24,44,10,8.08,979,725,0.18,0.18,0.17,0
2016-09-26,2016,270,270,5.692,2.14,309,9.44,27,37.3,17.9,18,30,9,8.58,1058,804,0.18,0.18,0.17,0
2016-09-27,2016,271,271,5.59,1.95,308,10.81,26.2,38.6,16.9,21,37,9,8.56,1066,812,0.18,0.18,0.17,0
2016-09-28,2016,272,272,5.373,1.59,262,8.36,23.3,32.7,16,36,60,21,6.34,910,656,0.18,0.18,0.17,0
2016-09-29,2016,273,273,5.275,1.49,278,8.59,23.4,32.3,16.2,44,63,25,6.01,906,652,0.18,0.18,0.17,0
2016-09-30,2016,274,274,5.316,1.61,280,8.1,19.1,30.3,9.1,54,84,25,5.8,698,444,0.17,0.18,0.17,0
2016-10-01,2016,275,275,5.426,1.55,296,8.33,15.5,27.8,6.6,63,94,26,5.26,583,329,0.17,0.17,0.17,0
2016-10-02,2016,276,276,5.435,2.77,307,13.29,12.8,22.4,4.5,73,95,32,4.82,411,157,0.17,0.17,0.17,0
2016-10-03,2016,277,277,5.201,3.18,303,12.9,14.4,25.1,5.7,63,99,20,5.14,502,248,0.17,0.17,0.16,0
2016-10-04,2016,278,278,5.272,2.29,305,13,13.8,24.9,5.1,65,93,29,5.26,481,227,0.17,0.17,0.16,0
2016-10-05,2016,279,279,5.297,2.79,341,12.41,16.8,26.9,5.8,55,100,18,5.51,545,291,0.17,0.17,0.16,0
2016-10-06,2016,280,280,5.325,1.63,272,10.91,18.3,28.5,8.2,34,56,9,5.84,636,382,0.17,0.17,0.16,0
2016-10-07,2016,281,281,4.285,1.5,283,8.33,21,31.4,11.7,24,47,9,5.78,782,528,0.17,0.17,0.16,0
2016-10-08,2016,282,282,5.206,1.42,254,7.38,21.8,32.3,13.6,19,32,8,6.16,847,593,0.17,0.17,0.16,0
2016-10-09,2016,283,283,5.02,1.44,284,8.27,20,31,11.5,33,65,14,5.58,769,515,0.17,0.17,0.16,0
2016-10-10,2016,284,284,4.297,1.54,252,8.43,17.9,29.2,9.1,54,89,24,4.88,672,418,0.17,0.17,0.16,0
2016-10-11,2016,285,285,4.67,1.72,294,7.25,14.6,23.7,7.5,74,92,46,4.26,511,257,0.16,0.17,0.16,0
2016-10-12,2016,286,286,4.866,1.98,291,9.21,13.3,22,5.6,78,98,49,4.24,429,175,0.16,0.17,0.16,0
2016-10-13,2016,287,287,4.4,1.8,312,8.65,14.8,24.9,6.5,75,100,38,4.36,513,259,0.16,0.17,0.16,0
2016-10-14,2016,288,288,4.376,1.9,300,10.45,13.9,24.1,6.1,81,100,33,4.33,486,232,0.16,0.16,0.16,0
2016-10-15,2016,289,289,3.328,1.84,294,8.78,17.1,23.3,10.9,87,98,62,3.37,579,325,0.16,0.16,0.16,3.81
2016-10-16,2016,290,290,3.004,1.58,196,8.23,17.2,20.8,15,86,100,55,2.26,615,361,0.16,0.16,0.16,6.1
2016-10-17,2016,291,291,4.19,2.53,301,11.92,15.9,23.3,10.2,79,100,44,3.82,564,310,0.16,0.16,0.16,1.27
2016-10-18,2016,292,292,4.834,3.37,31,14.67,17.1,24.6,8.7,52,94,25,4.53,557,303,0.16,0.16,0.15,0
2016-10-19,2016,293,293,4.66,1.6,269,6.37,20,30.4,11.7,39,59,18,5.5,760,506,0.16,0.16,0.15,0
2016-10-20,2016,294,294,4.697,1.18,274,7.02,22,33.6,12.9,30,59,8,5.25,859,605,0.16,0.16,0.16,0
2016-10-21,2016,295,295,4.649,1.09,268,6.76,22.1,34.4,13.4,27,47,8,5.24,888,634,0.16,0.16,0.16,0
2016-10-22,2016,296,296,4.27,1.45,282,7.42,19.2,30.9,10.7,37,72,13,5.04,748,494,0.16,0.16,0.16,0
2016-10-23,2016,297,297,3.637,2.63,104,11.6,18.8,28.6,10.9,37,75,11,5.14,699,445,0.16,0.16,0.16,0
2016-10-24,2016,298,298,2.205,1.67,306,10.03,14.2,21.4,9.4,78,94,50,2.73,502,248,0.16,0.17,0.16,0
2016-10-25,2016,299,299,4.246,1.39,296,7.94,15.4,25.4,8.4,71,97,37,3.73,569,315,0.16,0.17,0.16,0
2016-10-26,2016,300,300,3.786,1.02,294,4.64,16.1,27.6,8.5,61,88,27,3.63,622,368,0.16,0.17,0.16,0
2016-10-27,2016,301,301,1.921,1.47,299,12.15,17.7,27,11.4,60,96,25,3.12,674,420,0.16,0.17,0.16,2.54
2016-10-28,2016,302,302,2.03,1.08,305,6.21,16,20.2,11.8,90,99,72,1.8,528,274,0.17,0.18,0.16,19.56
2016-10-29,2016,303,303,3.546,1.14,275,6.04,16.9,25.5,10,81,99,43,3.13,610,356,0.18,0.19,0.18,0
2016-10-30,2016,304,304,1.252,1.6,213,7.84,15.5,18.3,10.5,89,97,71,1.69,456,202,0.19,0.19,0.19,1.78
2016-10-31,2016,305,305,4.035,2.62,319,11.33,13,19.5,7.9,85,100,57,3.06,422,168,0.19,0.2,0.19,0.25
2016-11-01,2016,306,306,4.052,2.42,299,11.04,12.9,20.1,7.4,82,98,50,3.25,426,172,0.2,0.2,0.19,0
2016-11-02,2016,307,307,4.202,2.11,303,11.23,15.4,25.9,6.1,61,96,18,4.57,530,276,0.2,0.2,0.19,0
2016-11-03,2016,308,308,4.152,1.48,307,7.15,18.5,29.2,9.7,34,50,14,4.9,686,432,0.2,0.2,0.2,0
2016-11-04,2016,309,309,3.935,1.48,301,8.3,19.3,31,11.1,40,66,14,4.84,760,506,0.2,0.2,0.2,0
2016-11-05,2016,310,310,4.02,1.69,302,8.75,16.4,28.6,7.2,55,99,18,4.47,616,362,0.2,0.2,0.2,0
2016-11-06,2016,311,311,3.539,1.48,304,6.5,13.9,23.4,6.1,78,100,36,3.25,472,218,0.2,0.2,0.2,0
2016-11-07,2016,312,312,3.84,1.12,302,7.02,17.6,28.4,9.6,64,96,25,3.55,664,410,0.2,0.21,0.2,0
2016-11-08,2016,313,313,3.793,1.1,292,6.17,20,31.3,12.7,49,77,18,4,802,548,0.2,0.21,0.2,0
2016-11-09,2016,314,314,3.753,1.24,305,8.17,21.7,33.5,13.4,39,65,15,4.62,870,616,0.2,0.21,0.2,0
2016-11-10,2016,315,315,3.723,1.38,282,8.82,21.1,31.9,14.3,31,50,13,4.77,852,598,0.2,0.21,0.2,0
2016-11-11,2016,316,316,3.554,1.41,278,7.22,20.4,29.4,13.5,28,43,13,4.55,777,523,0.2,0.2,0.2,0
2016-11-12,2016,317,317,3.052,1.41,303,7.97,18.9,28.1,11.1,37,59,18,4.11,691,437,0.2,0.2,0.2,0
2016-11-13,2016,318,318,3.918,1.42,280,7.61,18.4,29.1,10.3,47,82,18,4.1,697,443,0.2,0.2,0.2,0
2016-11-14,2016,319,319,3.98,1.1,287,5.88,17.6,30.9,8.9,52,89,12,3.92,708,454,0.2,0.2,0.16,0
2016-11-15,2016,320,320,3.661,1.36,304,8.49,11.8,22.5,4.7,80,100,36,3,418,164,0.2,0.2,0.19,0
2016-11-16,2016,321,321,3.003,2.6,352,12.61,13.8,21.4,9.7,64,100,30,2.79,509,255,0.19,0.2,0.19,0
2016-11-17,2016,322,322,3.755,1.79,356,11.47,11.4,20.1,3.6,47,69,18,3.59,338,84,0.19,0.19,0.03,0
2016-11-18,2016,323,323,3.831,2.77,131,13.46,14.1,23,5.6,28,59,9,4.41,451,197,0.19,0.19,0.19,0
2016-11-19,2016,324,324,3.735,2.64,105,12.38,13.6,21.3,5.9,55,88,22,3.5,420,166,0.19,0.19,0.19,0
2016-11-20,2016,325,325,2.541,1.85,271,9.02,11.9,19.9,5.8,77,97,37,2.7,384,130,0.19,0.19,0.18,16.51
2016-11-21,2016,326,326,3.75,3.24,294,10.72,12.5,17.4,8.4,83,98,55,2.41,387,133,0.19,0.19,0.19,0.25
2016-11-22,2016,327,327,3.698,1.26,306,5.88,10.6,19.1,3.5,77,100,36,2.44,312,58,0.18,0.19,0.18,0
2016-11-23,2016,328,328,3.315,1.89,351,11.04,10.2,19.5,3.7,74,100,37,2.91,327,73,0.18,0.19,0.18,0
2016-11-24,2016,329,329,3.642,1.18,315,5.91,11,23.8,2.7,59,90,18,3.12,401,147,0.18,0.18,0.18,0
2016-11-25,2016,330,330,3.72,0.98,289,5,10.7,22.2,2,52,76,17,2.83,350,96,0.18,0.18,0.18,0
2016-11-26,2016,331,331,1.26,0.96,316,8.98,6.8,13,2.3,82,99,48,1.25,145,0,0.19,0.23,0.18,14.22
2016-11-27,2016,332,332,2.254,2.48,312,10.26,10.2,13.9,5.1,77,100,46,1.75,231,0,0.33,0.43,0.23,5.59
2016-11-28,2016,333,333,2.812,3.42,321,13,10.6,15.3,4.7,66,85,52,2.45,254,1,0.43,0.43,0.42,0
2016-11-29,2016,334,334,3.557,1.42,307,10.09,9.5,17.7,1.9,67,92,36,2.49,246,0,0.41,0.42,0.41,0
2016-11-30,2016,335,335,3.51,1.45,306,8.88,9.1,18,4,69,95,29,2.37,300,46,0.4,0.41,0.4,0
2016-12-01,2016,336,336,3.318,2.29,306,17.22,10.1,17.7,3.8,68,97,39,2.68,288,34,0.39,0.4,0.39,0
2016-12-02,2016,337,337,3.5,2.28,20,11.99,9.7,17,2.8,49,73,20,3.12,249,0,0.38,0.39,0.37,0
2016-12-03,2016,338,338,3.448,1.21,294,5.88,8,18.6,0.3,58,79,30,2.6,228,0,0.37,0.37,0.36,0
2016-12-04,2016,339,339,3.425,1.15,299,6.17,10.8,21.3,3.7,65,97,25,2.51,367,113,0.36,0.36,0.35,0
2016-12-05,2016,340,340,3.218,1.34,309,9.24,8.9,20.1,2.6,81,100,38,2.52,317,63,0.35,0.36,0.35,0
2016-12-06,2016,341,341,3.178,1.72,300,10.35,8.1,16.6,1.5,80,100,38,2.37,210,0,0.34,0.35,0.34,0.25
2016-12-07,2016,342,342,2.539,1.14,308,6.14,6.9,14.1,0.6,77,98,38,1.69,134,0,0.33,0.34,0.33,0
2016-12-08,2016,343,343,1.62,0.87,317,4.38,11.9,17.7,5.7,78,98,49,1.51,333,79,0.32,0.33,0.32,0.25
2016-12-09,2016,344,344,2.376,1.86,304,8.98,14.7,20.2,11.8,92,100,66,1.98,528,274,0.32,0.32,0.32,5.59
2016-12-10,2016,345,345,2.829,2.68,288,8.88,14.3,20.1,9.7,90,100,66,2.36,477,223,0.32,0.32,0.32,0.25
2016-12-11,2016,346,346,0.916,1.31,261,7.35,13.6,15.9,11.7,95,100,86,0.88,427,173,0.31,0.32,0.31,0
2016-12-12,2016,347,347,2.282,1.42,341,7.35,12.5,18.8,8.8,89,100,58,1.81,428,174,0.31,0.31,0.3,0
2016-12-13,2016,348,348,3.001,1.38,303,8.92,11.2,20.5,6.3,79,100,45,2.3,409,155,0.3,0.3,0.29,0
2016-12-14,2016,349,349,3.014,1.03,294,5.62,11.8,20.9,5.8,82,100,52,2.13,409,155,0.28,0.29,0.28,0
2016-12-15,2016,350,350,0.644,2.38,121,11.82,12.2,16.5,9.5,89,100,53,1.36,391,137,0.28,0.28,0.28,16.76
2016-12-16,2016,351,351,2.521,3.64,304,10.97,9.9,13.6,6.5,76,96,53,1.66,257,3,0.43,0.47,0.28,5.33
2016-12-17,2016,352,352,3.42,2.5,329,9.44,6,13.2,-1.5,57,87,25,2.5,66,0,0.43,0.45,0.41,0
2016-12-18,2016,353,353,3.454,1.06,299,5.68,4.9,15.9,-3.4,61,89,21,2.14,83,0,0.4,0.41,0.39,0
2016-12-19,2016,354,354,3.489,1.03,296,5.2,7.9,19,0.2,50,79,19,2.4,236,0,0.38,0.39,0.38,0
2016-12-20,2016,355,355,3.507,0.8,315,5.13,11.6,23.9,2.9,35,59,11,2.7,410,156,0.37,0.38,0.36,0
2016-12-21,2016,356,356,1.364,1.18,309,6.43,14.2,20.6,9.2,43,65,23,2.4,478,224,0.36,0.36,0.36,0.25
2016-12-22,2016,357,357,3.194,1.35,308,6.83,11.4,19.5,5,64,90,43,2.4,357,103,0.35,0.36,0.35,0
2016-12-23,2016,358,358,0.588,3.35,135,12.02,10,13.9,5.1,83,98,57,1.52,231,0,0.4,0.53,0.34,33.53
2016-12-24,2016,359,359,2.846,3.88,307,10.78,7,10.6,4.4,68,88,45,1.66,138,0,0.46,0.5,0.44,0
2016-12-25,2016,360,360,2.686,1.12,43,5.16,5.1,11.2,-2.2,64,95,27,1.55,3,0,0.43,0.44,0.43,0
2016-12-26,2016,361,361,2.028,1.37,309,6.4,7.8,14.6,2.6,55,79,30,2,192,0,0.42,0.43,0.41,0
2016-12-27,2016,362,362,3.355,1.1,320,5.1,9.3,20,0.8,61,82,30,2.54,271,17,0.4,0.41,0.4,0
2016-12-28,2016,363,363,3.344,0.91,292,4.22,13.3,24.2,4.8,46,74,23,2.74,460,206,0.39,0.4,0.39,0
2016-12-29,2016,364,364,3.115,0.87,300,5.23,14.8,26.4,7.6,42,61,15,2.93,575,321,0.38,0.39,0.38,0
2016-12-30,2016,365,365,0.899,1.4,266,8.23,13,17.4,10,79,98,48,1.3,423,169,0.38,0.38,0.38,1.02
2016-12-31,2016,366,366,0.918,1.49,314,9.93,7.7,11.3,2.9,90,100,67,1.16,122,0,0.38,0.38,0.38,2.29
2017-01-01,2017,001,367,3.236,2.15,302,10.88,5.7,10.8,-0.3,83,98,66,1.87,38,0,0.37,0.38,0.37,0.25
2017-01-02,2017,002,368,1.209,1.15,298,7.8,7.5,11.8,4.4,84,94,66,1.14,167,0,0.37,0.37,0.37,0
2017-01-03,2017,003,369,1.753,2.11,114,8.78,9.7,13.8,5.2,76,91,60,1.86,230,0,0.36,0.37,0.36,0
2017-01-04,2017,004,370,0.416,2.94,120,8.78,12.6,13.5,11.8,84,99,71,0.6,376,122,0.36,0.36,0.36,8.13
2017-01-05,2017,005,371,2.132,1.88,306,8.69,12,16,6,91,100,72,1.87,300,46,0.42,0.45,0.36,4.83
2017-01-06,2017,006,372,3.233,1.27,63,6.08,9.8,17.6,1.6,69,100,24,2.21,235,0,0.43,0.44,0.43,0.76
2017-01-07,2017,007,373,0.42,4.15,113,12.87,13.6,17.6,9.6,72,88,50,1.9,419,165,0.48,0.52,0.43,22.1
2017-01-08,2017,008,374,1.66,5.41,129,14.96,17.4,19.8,11,46,93,32,2.18,502,248,0.48,0.54,0.46,22.35
2017-01-09,2017,009,375,2.436,1.41,299,11.2,12.7,16.2,8,84,99,49,1.62,351,97,0.5,0.55,0.48,14.99
2017-01-10,2017,010,376,1.514,1.18,146,5.29,11.6,14.4,8.3,92,99,76,1.14,315,61,0.47,0.48,0.47,7.11
2017-01-11,2017,011,377,1.981,1.45,275,6.53,12.1,14.8,10,86,100,62,1.21,365,111,0.5,0.53,0.48,10.67
2017-01-12,2017,012,378,1.663,1.62,289,8.59,8.7,12.1,1.1,88,97,71,1.64,100,0,0.49,0.5,0.47,7.87
2017-01-13,2017,013,379,3.363,2.8,354,17.93,6.7,13.1,-0.1,73,99,38,2.25,95,0,0.47,0.48,0.46,0
2017-01-14,2017,014,380,3.582,1.88,335,9.67,9.5,20.9,2.3,67,98,20,3.31,328,74,0.45,0.46,0.44,0
2017-01-15,2017,015,381,3.361,0.92,298,5.49,7.3,14.8,1.4,81,99,47,1.76,168,0,0.43,0.44,0.43,0
2017-01-16,2017,016,382,3.624,1.02,305,5.75,8.5,17.2,2.5,79,96,43,2.11,247,0,0.42,0.43,0.42,0.25
2017-01-17,2017,017,383,3.401,1.07,295,6.47,9.5,17.8,3.4,70,93,38,2.19,281,27,0.42,0.42,0.41,0
2017-01-18,2017,018,384,1.157,2.73,101,12.45,9,13.3,3.3,76,89,63,1.95,176,0,0.41,0.41,0.41,3.56
2017-01-19,2017,019,385,2.45,1.77,301,10.58,10.2,13.8,7,86,99,61,1.58,272,18,0.43,0.44,0.41,6.1
2017-01-20,2017,020,386,1.118,2.48,343,12.35,8.2,10.7,5.2,90,97,74,1.2,160,0,0.49,0.56,0.44,39.12
2017-01-21,2017,021,387,2.615,2.41,274,12.08,9,12.3,5,79,98,58,1.7,190,0,0.48,0.49,0.47,4.57
2017-01-22,2017,022,388,0.638,5.64,129,17.74,9.9,13.3,7.5,86,98,74,1.21,271,17,0.5,0.54,0.47,35.81
2017-01-23,2017,023,389,1.773,1.81,305,8.03,6.5,9.1,2.7,88,95,74,1.31,67,0,0.49,0.51,0.48,10.92
2017-01-24,2017,024,390,3.164,1.41,305,5.49,5.4,11.1,0,79,100,54,1.72,51,0,0.47,0.48,0.46,0.76
2017-01-25,2017,025,391,3.981,1.39,306,5.95,5.5,13.5,-1.6,71,94,27,2.29,70,0,0.45,0.46,0.44,0
2017-01-26,2017,026,392,3.965,1.53,324,8.3,6.3,15.6,-1.5,65,96,25,2.65,120,0,0.43,0.44,0.43,0
2017-01-27,2017,027,393,4.044,1.32,310,6.24,6.9,15.2,0.3,62,85,32,2.5,150,0,0.43,0.43,0.42,0
2017-01-28,2017,028,394,4.173,0.95,297,4.64,10.6,21.5,1.9,54,84,21,2.91,333,79,0.42,0.42,0.42,0
2017-01-29,2017,029,395,4.22,1.08,293,5.75,12.6,24.2,3.6,47,70,17,3.5,433,179,0.41,0.42,0.41,0
2017-01-30,2017,030,396,4.251,0.95,293,5.49,14,24.3,6.9,43,63,21,3.32,508,254,0.41,0.41,0.4,0
2017-01-31,2017,031,397,4.212,0.93,256,5.62,13.3,22.9,7,50,64,21,3.14,479,225,0.4,0.4,0.4,0
2017-02-01,2017,032,398,3.888,2.98,160,10.88,12.2,19.2,5.4,47,85,27,3.44,359,105,0.39,0.4,0.39,0
2017-02-02,2017,033,399,1.203,3.28,119,10.09,13.1,15.9,10.1,71,90,45,1.76,391,137,0.38,0.39,0.38,1.02
2017-02-03,2017,034,400,2.134,1.68,169,7.25,13.7,16.7,10.4,90,99,74,1.69,415,161,0.39,0.39,0.38,5.84
2017-02-04,2017,035,401,3.698,2.1,292,10.65,11.9,16.5,6.8,91,100,64,2.51,329,75,0.39,0.39,0.39,0.25
2017-02-05,2017,036,402,1.778,2.23,128,10.26,10.5,14.2,5.9,90,100,76,1.76,257,3,0.39,0.39,0.39,6.35
2017-02-06,2017,037,403,2.168,2.26,149,8.82,13.7,17.6,10.7,82,97,59,2,444,190,0.47,0.5,0.39,15.24
2017-02-07,2017,038,404,0.556,1.34,137,6.86,14.4,15,13.3,93,100,67,0.59,445,191,0.49,0.51,0.47,16
2017-02-08,2017,039,405,2.203,1.05,244,4.67,16.2,20.2,13.8,93,100,79,1.67,573,319,0.5,0.51,0.49,1.27
2017-02-09,2017,040,406,3.704,1.42,279,7.18,15.6,21.4,11.7,90,100,66,2.65,551,297,0.48,0.49,0.47,0
2017-02-10,2017,041,407,0.647,1.2,236,6.57,13.5,14.6,11.7,96,100,87,0.73,398,144,0.49,0.53,0.47,22.35
2017-02-11,2017,042,408,2.29,3.42,287,9.57,10.7,13.3,7.5,83,99,56,1.66,274,19,0.5,0.52,0.49,2.29
2017-02-12,2017,043,409,4.546,1.81,315,13.52,11.3,19.9,3.9,74,97,49,3.55,340,86,0.48,0.49,0.47,0
2017-02-13,2017,044,410,4.36,1.39,285,6.83,11.6,20.2,4.5,79,97,50,3.19,360,106,0.46,0.47,0.45,0
2017-02-14,2017,045,411,4.267,1.28,288,5.62,13.3,22.2,6.7,79,100,41,3.23,459,205,0.45,0.45,0.44,0
2017-02-15,2017,046,412,4.296,1.07,317,5.91,14.9,24.9,8.1,63,96,20,3.43,552,298,0.44,0.44,0.43,0
2017-02-16,2017,047,413,1.34,1.38,325,7.58,10.9,14.3,5.4,80,98,55,1.53,248,0,0.43,0.43,0.43,7.62
2017-02-17,2017,048,414,0.156,5.09,133,18.91,11.2,12.9,10,92,99,83,0.71,320,66,0.5,0.55,0.43,68.58
2017-02-18,2017,049,415,1.643,2.58,293,10.26,9.2,11.1,7.4,96,99,91,1.21,221,0,0.5,0.5,0.49,8.13
2017-02-19,2017,050,416,2.065,1.76,121,8.1,9.5,13.3,5.7,90,99,67,1.72,230,0,0.49,0.51,0.48,10.41
2017-02-20,2017,051,417,1.966,4.39,125,10.75,13.1,15.4,10.6,84,94,76,1.78,390,136,0.5,0.51,0.48,2.79
2017-02-21,2017,052,418,2.452,2.7,148,9.77,13.5,17.6,6.8,81,95,66,2.66,357,103,0.48,0.48,0.47,1.02
2017-02-22,2017,053,419,5.068,3.59,303,12.97,9.1,14.2,4.4,74,97,50,2.98,224,0,0.46,0.47,0.46,0
2017-02-23,2017,054,420,5.188,3.73,316,12.93,7.8,12.6,3.7,50,69,31,3.43,170,0,0.45,0.46,0.45,0
2017-02-24,2017,055,421,5.005,2.09,303,10.68,6.4,15,0.3,64,95,34,3.42,145,0,0.44,0.45,0.43,0
2017-02-25,2017,056,422,3.145,1.32,296,6.76,4.9,11.1,-1.2,75,96,40,2.06,23,0,0.43,0.43,0.43,0
2017-02-26,2017,057,423,4.174,1.45,194,8.27,8.1,13.2,4.4,82,96,63,2.4,200,0,0.43,0.43,0.42,3.3
2017-02-27,2017,058,424,2.634,2.22,292,8.62,8.6,12.9,5.3,82,95,60,2.12,215,0,0.43,0.43,0.42,0
2017-02-28,2017,059,425,5.344,3.06,359,11.5,9.8,16.9,2.4,51,85,28,3.96,239,0,0.42,0.43,0.42,0
2017-03-01,2017,060,426,5.449,1.44,295,7.18,9.6,19.6,-0.2,54,78,27,4.1,240,0,0.41,0.42,0.41,0
2017-03-02,2017,061,427,4.883,1.04,284,6.04,12.4,22.7,3.5,52,78,20,3.86,396,142,0.41,0.41,0.41,0
2017-03-03,2017,062,428,5.462,1.13,284,6.4,13.7,24.4,5.6,47,83,15,4.27,482,228,0.4,0.41,0.4,0
2017-03-04,2017,063,429,4.851,1.17,286,5.03,9.4,17.9,1.8,78,94,49,3.24,246,0,0.39,0.4,0.39,0
2017-03-05,2017,064,430,3.482,2.6,305,11.56,7.8,11.6,4,78,96,45,2.27,152,0,0.39,0.39,0.39,9.65
2017-03-06,2017,065,431,5.648,2.28,327,10.16,7.5,16.1,-1.5,59,88,29,4.13,131,0,0.39,0.39,0.39,0
2017-03-07,2017,066,432,5.022,1.31,316,6.63,9.8,21.3,0.8,72,94,37,3.98,300,47,0.39,0.39,0.39,0
2017-03-08,2017,067,433,5.377,1.68,28,10.75,14.6,26.9,5.1,64,96,25,5.28,528,274,0.39,0.39,0.39,0
2017-03-09,2017,068,434,5.763,1.25,304,6.6,16.2,27.6,6.3,63,87,25,5.04,570,316,0.38,0.39,0.38,0
2017-03-10,2017,069,435,4.416,1.2,285,5.68,16.3,24.4,9.5,72,94,40,3.79,571,317,0.38,0.38,0.38,0
2017-03-11,2017,070,436,5.789,2.16,9,12.02,18.2,29,7.9,57,96,24,6.15,640,386,0.37,0.38,0.37,0
2017-03-12,2017,071,437,5.872,1.51,177,8.03,19,29.2,11,57,90,33,5.51,714,460,0.36,0.37,0.35,0
2017-03-13,2017,072,438,5.948,1.15,294,5.75,19.6,30.1,10.7,60,90,24,5.27,728,474,0.35,0.35,0.34,0
2017-03-14,2017,073,439,5.714,1.36,238,8.33,18.9,29.5,10.8,48,76,17,5.54,718,464,0.33,0.34,0.33,0
2017-03-15,2017,074,440,5.82,1.25,279,7.09,17.1,26.9,7.8,61,96,29,4.88,591,337,0.32,0.33,0.32,0
2017-03-16,2017,075,441,5.829,1.54,283,8.33,13.4,22.9,4.4,81,100,48,4.62,420,166,0.31,0.32,0.31,0
2017-03-17,2017,076,442,5.801,1.16,295,6.17,16.7,26.7,7.6,74,99,34,4.75,581,327,0.31,0.31,0.31,0
2017-03-18,2017,077,443,5.651,1.29,260,6.86,14.8,25.6,7.1,79,100,37,4.67,546,292,0.3,0.31,0.3,0
2017-03-19,2017,078,444,5.129,1.64,265,6.73,13.5,23.6,5,81,100,45,4.6,451,197,0.3,0.3,0.3,0.25
2017-03-20,2017,079,445,4.655,1.92,141,8.03,14.3,20,10,72,94,42,3.78,482,228,0.3,0.3,0.29,0
2017-03-21,2017,080,446,1.495,2.94,130,9.28,14.2,16.2,11.5,87,96,75,1.69,430,176,0.29,0.29,0.29,8.38
2017-03-22,2017,081,447,4.101,2.46,302,10.32,11.3,15.9,7.9,84,99,58,2.95,341,87,0.29,0.29,0.29,1.02
2017-03-23,2017,082,448,6.334,3.72,317,12.15,10.7,18.9,3.8,69,98,36,4.63,316,62,0.29,0.29,0.29,0
2017-03-24,2017,083,449,5.741,1.91,304,8.27,11,19,2.5,72,99,38,4.42,288,34,0.28,0.29,0.28,0.25
2017-03-25,2017,084,450,5.254,2.57,301,11.37,12.2,17.6,8.8,86,98,63,3.67,402,148,0.28,0.29,0.28,0.76
2017-03-26,2017,085,451,5.165,3.22,270,13.03,11.9,18,8.2,82,99,60,3.73,396,142,0.28,0.28,0.28,0
2017-03-27,2017,086,452,6.497,4.28,310,14.08,14.1,20,6.8,59,96,32,4.79,410,156,0.28,0.28,0.28,0
2017-03-28,2017,087,453,6.436,3.4,1,13.36,16,22.9,8,42,69,23,5.88,502,248,0.28,0.28,0.28,0
2017-03-29,2017,088,454,6.432,1.52,302,10.22,15.1,27.7,5.1,62,92,29,5.97,546,292,0.27,0.28,0.27,0
2017-03-30,2017,089,455,5.934,4.05,302,15.25,11.9,20,5.6,77,99,44,4.62,382,128,0.27,0.27,0.27,0
2017-03-31,2017,090,456,6.648,3.77,343,13.1,13.7,20.6,6.8,43,68,24,5.63,423,169,0.27,0.27,0.27,0
2017-04-01,2017,091,457,6.607,1.53,297,8.07,14.4,24.6,4.2,55,83,24,5.66,454,200,0.26,0.27,0.26,0
2017-04-02,2017,092,458,6.534,1.75,285,7.58,14,23.7,5.4,72,98,40,5.44,462,208,0.26,0.26,0.26,0
2017-04-03,2017,093,459,6.663,2.34,305,13.78,12.2,21.9,4.9,80,100,43,5.38,410,156,0.26,0.26,0.26,0
2017-04-04,2017,094,460,6.572,1.5,303,6.67,13.2,21.8,3.8,70,98,36,4.94,382,128,0.26,0.26,0.25,0
2017-04-05,2017,095,461,6.707,2.11,247,10.78,16.9,27.6,7.2,53,92,18,6.67,590,336,0.26,0.26,0.25,0
2017-04-06,2017,096,462,4.312,1.77,281,8.95,15.2,23.1,7.8,53,78,14,4.75,502,248,0.26,0.26,0.25,0
2017-04-07,2017,097,463,1.794,2.2,104,9.5,13.1,17.8,8.5,62,99,32,2.37,399,145,0.25,0.26,0.25,6.35
2017-04-08,2017,098,464,6.708,3.77,305,12.67,11.5,15.4,8.7,70,100,44,3.91,346,92,0.26,0.26,0.25,0
2017-04-09,2017,099,465,5.919,1.9,286,11.23,10.3,20,2.8,65,96,28,4.86,316,62,0.26,0.26,0.25,0
2017-04-10,2017,100,466,6.749,1.81,288,8.95,11.9,23.9,1.8,64,96,26,5.93,386,132,0.25,0.26,0.25,0
2017-04-11,2017,101,467,5.889,2.31,300,11.01,12.2,22.9,3.6,66,95,21,5.55,403,149,0.26,0.26,0.25,0
2017-04-12,2017,102,468,6.487,1.79,252,8.98,13.6,22,4.6,76,97,51,5.28,404,150,0.26,0.26,0.25,0
2017-04-13,2017,103,469,4.396,2.91,300,10.91,12,17.1,7.4,75,96,45,3.51,356,102,0.26,0.26,0.26,1.27
2017-04-14,2017,104,470,7.143,3.59,358,15.68,14.1,19.9,5.3,41,67,20,5.91,374,120,0.26,0.26,0.26,0
2017-04-15,2017,105,471,7.082,1.71,284,8.72,13.8,25.2,3.3,51,82,20,6.38,450,196,0.26,0.26,0.25,0
2017-04-16,2017,106,472,6.488,1.79,284,8.3,14.3,24.2,5.3,59,88,21,5.88,472,218,0.26,0.26,0.25,0
2017-04-17,2017,107,473,4.791,1.81,242,7.09,15.7,20.8,11.2,79,93,65,4.04,527,273,0.26,0.26,0.26,1.02
2017-04-18,2017,108,474,3.286,1.81,268,7.9,15.6,21.7,12.2,86,99,58,3.24,573,319,0.26,0.26,0.26,4.06
2017-04-19,2017,109,475,6.806,2.96,300,11.99,14.8,23.1,6,77,100,47,5.76,462,208,0.26,0.27,0.26,0.25
2017-04-20,2017,110,476,7.24,3.39,353,12.51,17.6,24.5,4.8,46,97,25,6.41,466,212,0.26,0.27,0.26,0
2017-04-21,2017,111,477,7.196,2.16,211,11.1,18.5,30.9,9,46,82,19,7.9,709,455,0.27,0.27,0.26,0
2017-04-22,2017,112,478,7.184,1.93,280,9.83,16.3,28.1,6.2,63,94,33,7.07,580,326,0.27,0.27,0.26,0
2017-04-23,2017,113,479,5.847,2.83,310,14.31,13.2,22.1,6.6,79,99,48,5.12,451,197,0.27,0.27,0.26,0
2017-04-24,2017,114,480,6.606,4.1,294,14.73,12.8,21.5,5.3,76,100,43,5.42,409,155,0.27,0.27,0.26,0
2017-04-25,2017,115,481,6.479,4.81,290,14.27,14.5,20.8,9.2,66,89,37,5.22,483,229,0.26,0.27,0.26,0
2017-04-26,2017,116,482,6.709,5.01,291,14.77,17.6,25.1,12.3,64,94,44,5.92,654,400,0.27,0.27,0.26,0
2017-04-27,2017,117,483,6.943,4.25,294,12.7,17,25.8,9.9,62,97,30,6.28,614,360,0.27,0.27,0.26,0
2017-04-28,2017,118,484,7.332,4.21,327,14.44,19.4,25.9,13.8,28,51,12,7.45,703,449,0.27,0.27,0.27,0
2017-04-29,2017,119,485,7.422,2.12,278,9.63,16.6,26.2,5.3,34,62,18,7.53,518,264,0.27,0.27,0.26,0
2017-04-30,2017,120,486,7.464,1.94,292,10.81,17.7,28.7,7.9,43,74,18,7.68,634,380,0.27,0.27,0.26,0
2017-05-01,2017,121,487,7.441,2.41,304,10.75,22.3,35,9.1,40,79,14,9.15,806,552,0.27,0.27,0.27,0
2017-05-02,2017,122,488,7.346,2.03,294,8.92,23,32.3,12.5,43,67,28,8.47,820,566,0.27,0.28,0.27,0
2017-05-03,2017,123,489,7.206,1.52,289,9.08,22.4,32.4,12.2,54,82,28,7.42,817,563,0.27,0.28,0.27,0
2017-05-04,2017,124,490,7.292,1.59,278,7.32,21.1,31.1,11.8,62,90,31,7.17,778,524,0.28,0.28,0.27,0
2017-05-05,2017,125,491,6.11,2.11,264,7.9,14.1,22.6,6.9,80,100,51,5.38,473,219,0.27,0.28,0.27,0
2017-05-06,2017,126,492,3.385,3.11,287,11.79,9.4,13.3,6.9,80,99,48,2.49,257,3,0.27,0.27,0.26,1.02
2017-05-07,2017,127,493,3.221,1.25,222,6.6,10,16.7,6.6,85,98,56,2.65,329,75,0.26,0.26,0.26,8.38
2017-05-08,2017,128,494,7.167,2.26,302,10.39,13.1,22.9,4.7,77,100,46,6.06,428,174,0.26,0.26,0.25,0
2017-05-09,2017,129,495,7.202,1.99,254,8.95,14.9,23.2,6.8,78,100,53,5.99,482,228,0.25,0.26,0.25,0
2017-05-10,2017,130,496,2.584,2.15,130,7.15,15.4,19.4,12.9,78,91,62,2.86,534,280,0.25,0.26,0.25,0
2017-05-11,2017,131,497,5.727,1.82,286,8.65,15.7,24.4,8.1,76,94,44,5.46,538,284,0.25,0.26,0.25,0
2017-05-12,2017,132,498,5.655,2.88,286,11.79,14,21.8,7.6,71,99,40,5,467,213,0.25,0.26,0.25,0
2017-05-13,2017,133,499,7.87,4.19,334,14.63,14.8,23.9,3.7,46,92,20,6.83,428,174,0.25,0.26,0.25,0
2017-05-14,2017,134,500,6.938,2.63,289,11.37,10.9,19,2.9,71,95,38,5.37,298,44,0.25,0.26,0.25,0
2017-05-15,2017,135,501,4.888,2.99,284,10.22,10.8,17.1,7,74,92,47,3.99,349,95,0.25,0.25,0.25,0
2017-05-16,2017,136,502,7.015,2.82,306,11.04,12.6,19.8,6.4,73,94,45,5.42,395,141,0.25,0.25,0.25,0
2017-05-17,2017,137,503,7.453,3.75,291,14.93,13.1,19.1,4.9,73,95,50,5.51,345,91,0.25,0.25,0.25,0
2017-05-18,2017,138,504,7.77,2.75,278,12.51,15.6,28.4,4.3,60,100,21,7.75,545,291,0.25,0.26,0.25,0
2017-05-19,2017,139,505,7.79,2.07,280,9.83,20,29.6,8.7,38,83,16,8.05,672,418,0.25,0.26,0.25,0
2017-05-20,2017,140,506,7.777,1.97,281,9.73,22.1,32.5,12.4,36,68,15,8.76,823,569,0.26,0.26,0.25,0
2017-05-21,2017,141,507,7.759,2.12,284,8.65,22.2,32.8,12.5,45,75,19,8.75,832,578,0.26,0.27,0.26,0
2017-05-22,2017,142,508,7.758,1.64,215,7.38,20.4,31.6,8.3,56,92,26,7.84,710,456,0.26,0.27,0.26,0
2017-05-23,2017,143,509,7.943,1.77,254,10.55,19.5,30.8,8.9,60,91,24,7.92,705,451,0.26,0.27,0.26,0
2017-05-24,2017,144,510,7.253,2.01,247,11.5,15.4,29.4,7.5,72,100,25,7.52,640,386,0.26,0.27,0.26,0
2017-05-25,2017,145,511,4.484,2.53,130,8.69,14.5,19.9,11.1,73,89,50,4.12,507,253,0.26,0.27,0.26,0
2017-05-26,2017,146,512,5.374,1.97,243,8.13,15.2,22.5,11.7,69,85,42,5.09,578,324,0.26,0.26,0.26,0
2017-05-27,2017,147,513,7.668,2.05,289,9.9,14.4,21.7,6.9,71,94,47,6.11,451,197,0.26,0.26,0.26,0
2017-05-28,2017,148,514,7.236,2,270,9.21,15.4,26.2,6.9,76,100,42,6.76,552,298,0.26,0.26,0.26,0
2017-05-29,2017,149,515,7.059,2.04,272,8.78,15.9,26.5,10.1,76,98,43,6.59,633,379,0.26,0.27,0.26,0
2017-05-30,2017,150,516,6.073,1.86,226,7.94,14.8,23.2,8.4,76,96,49,5.39,518,264,0.26,0.26,0.26,0
2017-05-31,2017,151,517,6.5,2.54,310,12.93,16.8,28.6,9.7,67,94,23,6.92,673,419,0.26,0.26,0.26,0
2017-06-01,2017,152,518,7.438,2.94,273,14.37,17.5,28.7,10.7,72,97,36,7.28,697,443,0.26,0.26,0.26,0
2017-06-02,2017,153,519,7.485,1.75,182,7.74,19.2,30.6,10.9,68,100,36,7.36,745,491,0.26,0.26,0.26,0
2017-06-03,2017,154,520,7.618,1.73,212,8.2,19.8,32.1,10.9,63,89,33,7.95,780,526,0.26,0.26,0.26,0
2017-06-04,2017,155,521,7.663,1.93,195,9.8,18.1,29.4,8.5,65,100,33,7.58,664,410,0.26,0.26,0.26,0
2017-06-05,2017,156,522,7.789,1.99,237,10.42,17,28.2,7.3,64,94,22,7.58,609,355,0.26,0.26,0.26,0
2017-06-06,2017,157,523,7.466,2.08,295,9.21,15.6,26.9,7.2,74,100,41,7.05,575,321,0.26,0.26,0.25,0
2017-06-07,2017,158,524,7.315,2.1,294,7.77,15.6,24.9,8.6,76,100,49,6.41,562,308,0.25,0.26,0.25,0
2017-06-08,2017,159,525,7.498,2.51,298,11.23,16,25.8,6.2,65,100,22,6.88,527,273,0.25,0.26,0.25,0
2017-06-09,2017,160,526,6.786,2.49,285,9.77,16.6,25.3,9.6,76,95,48,6.3,595,341,0.25,0.25,0.25,0
2017-06-10,2017,161,527,6.61,2.59,285,11.17,15.1,23.7,10.2,70,94,39,5.86,572,318,0.25,0.25,0.25,0
2017-06-11,2017,162,528,6.668,2.97,284,13.39,13,19.7,7.1,70,91,43,5.32,409,155,0.25,0.25,0.25,0
2017-06-12,2017,163,529,7.96,4.03,299,13.95,13.6,22.1,4.3,65,94,34,6.48,402,148,0.24,0.25,0.24,0
2017-06-13,2017,164,530,7.95,2.12,286,10.45,15.6,26.8,5.2,65,99,29,7.42,528,274,0.24,0.24,0.24,0
2017-06-14,2017,165,531,7.958,1.92,278,9.31,19.2,30.9,6.9,55,91,24,8.32,660,406,0.24,0.25,0.24,0
2017-06-15,2017,166,532,7.965,2.43,284,11.89,20.3,32.9,9.5,55,87,23,8.9,766,512,0.24,0.25,0.24,0
2017-06-16,2017,167,533,7.948,2.02,292,9.57,23.7,35.7,11.1,49,82,22,9.59,868,614,0.24,0.25,0.24,0
2017-06-17,2017,168,534,7.684,2.13,294,9.67,25.3,34.3,15,50,77,31,8.94,924,670,0.24,0.25,0.24,0
2017-06-18,2017,169,535,7.784,1.77,286,8,26,35.7,16.3,50,78,28,8.83,986,732,0.25,0.25,0.24,0
2017-06-19,2017,170,536,7.82,1.96,270,8.78,25.8,37.2,16.1,50,80,25,9.48,1017,763,0.25,0.25,0.24,0
2017-06-20,2017,171,537,7.667,1.89,208,8.13,23.9,35.2,14.1,55,82,26,8.88,923,669,0.24,0.25,0.24,0
2017-06-21,2017,172,538,7.792,1.61,148,6.47,21.7,34.5,10.8,61,95,31,8.31,834,580,0.24,0.24,0.24,0
2017-06-22,2017,173,539,7.89,1.74,206,7.94,23.9,34.8,14.6,56,82,28,8.66,927,673,0.24,0.24,0.24,0
2017-06-23,2017,174,540,7.575,1.92,228,9.47,20.6,31.7,11.6,67,100,36,7.85,788,534,0.24,0.24,0.24,0
2017-06-24,2017,175,541,7.154,2.04,219,8.07,20.1,30.8,12.4,67,94,38,7.6,785,531,0.24,0.24,0.23,0
2017-06-25,2017,176,542,8.075,1.82,237,7.8,21.1,33.7,10,63,94,29,8.67,796,542,0.23,0.24,0.23,0
2017-06-26,2017,177,543,8.251,2.19,277,10.55,20.7,33.9,10.2,59,94,17,9.1,804,550,0.23,0.23,0.23,0
2017-06-27,2017,178,544,8.289,2.05,276,8.36,17.6,28.6,7.9,68,96,30,7.89,630,376,0.23,0.23,0.23,0
2017-06-28,2017,179,545,7.703,2.13,271,9.21,17.4,27.5,10.4,73,100,36,7.1,662,408,0.23,0.23,0.23,0
2017-06-29,2017,180,546,7.871,1.98,281,9.6,16.1,26.8,8,74,100,36,7.13,593,339,0.23,0.23,0.22,0
2017-06-30,2017,181,547,7.644,1.84,264,7.84,16.2,26.1,7.9,72,100,41,6.73,574,320,0.22,0.23,0.22,0
2017-07-01,2017,182,548,7.679,1.87,210,8.43,15.1,25.4,6.1,73,97,41,6.77,518,264,0.22,0.22,0.22,0
2017-07-02,2017,183,549,7.893,1.9,278,7.77,17.8,28.1,9.7,70,98,42,7.29,661,407,0.22,0.22,0.22,0
2017-07-03,2017,184,550,8.119,1.7,255,6.92,19.5,31.4,9.2,64,96,28,7.98,725,471,0.22,0.22,0.22,0
2017-07-04,2017,185,551,7.909,1.86,240,7.61,22.3,34.2,11,54,91,18,8.76,831,577,0.22,0.22,0.21,0
2017-07-05,2017,186,552,7.516,2.09,228,8.85,22.4,32.6,12.9,54,85,23,8.37,837,583,0.22,0.22,0.21,0
2017-07-06,2017,187,553,7.634,2.07,236,10.97,23.6,36.2,13.3,52,83,23,9.34,927,673,0.22,0.22,0.21,0
2017-07-07,2017,188,554,7.645,2.38,24,11.5,27.1,43.7,14,45,80,12,11.36,1116,862,0.22,0.22,0.21,0
2017-07-08,2017,189,555,7.578,2.08,280,9.41,30,40.2,20.4,32,51,14,10.51,1183,929,0.22,0.22,0.21,0
2017-07-09,2017,190,556,4.388,1.36,273,5.45,24.3,32.9,16.6,50,69,34,5.93,927,673,0.22,0.22,0.21,0
2017-07-10,2017,191,557,5.398,1.44,266,6.92,25.4,33.8,18,53,74,30,6.58,980,726,0.21,0.22,0.21,0
2017-07-11,2017,192,558,7.36,1.75,274,8.2,24.4,33.4,16.5,55,80,31,7.98,936,682,0.21,0.21,0.21,0
2017-07-12,2017,193,559,7.511,1.93,270,8.98,22.4,32.6,13.8,59,86,32,8.15,856,602,0.21,0.21,0.21,0
2017-07-13,2017,194,560,7.529,1.82,251,8.72,21.5,33.1,11,59,90,27,8.2,803,549,0.21,0.21,0.21,0
2017-07-14,2017,195,561,7.749,2.18,253,10.75,21.5,33.3,12.2,57,86,20,8.68,835,581,0.21,0.21,0.21,0
2017-07-15,2017,196,562,7.294,1.86,244,9.93,23.7,35.9,11.6,49,85,19,8.87,882,628,0.21,0.21,0.2,0
2017-07-16,2017,197,563,6.573,2,250,8.27,26.2,36.3,17.4,42,68,23,8.79,1026,772,0.21,0.21,0.2,0
2017-07-17,2017,198,564,7.672,1.83,285,8.46,24,34.6,13.7,53,80,32,8.67,901,647,0.21,0.21,0.2,0
2017-07-18,2017,199,565,7.691,2.06,277,10.75,23.1,32.7,14.1,56,88,26,8.31,868,614,0.2,0.21,0.2,0
2017-07-19,2017,200,566,7.762,1.84,249,7.58,20.3,32.2,10.6,59,87,26,8.21,776,522,0.2,0.2,0.2,0
2017-07-20,2017,201,567,7.806,1.95,277,9.96,18.4,30.2,7.5,66,100,30,7.89,659,405,0.2,0.2,0.2,0
2017-07-21,2017,202,568,7.81,2.02,272,9.05,19,30,8.8,64,95,34,7.93,684,430,0.2,0.2,0.2,0
2017-07-22,2017,203,569,7.699,1.68,250,7.71,20.3,33,8.8,61,93,29,8.12,753,499,0.2,0.2,0.2,0
2017-07-23,2017,204,570,7.652,1.73,239,8.85,23.1,33.6,12.5,53,83,20,8.25,849,595,0.2,0.2,0.2,0
2017-07-24,2017,205,571,7.496,1.83,235,7.02,21.2,30.9,12.6,62,87,27,7.62,791,537,0.2,0.2,0.2,0
2017-07-25,2017,206,572,7.289,1.83,245,8.1,20.3,29.2,11.2,67,98,38,7.01,721,467,0.2,0.2,0.19,0
2017-07-26,2017,207,573,7.458,1.84,257,8.43,21.8,32.1,12.4,60,89,34,7.85,814,560,0.2,0.2,0.19,0
2017-07-27,2017,208,574,7.568,1.85,196,8.59,22.3,33.7,11.9,60,91,33,8.31,839,585,0.19,0.2,0.19,0
2017-07-28,2017,209,575,7.642,1.88,237,7.55,22.2,33.4,12.1,60,90,30,8.3,837,583,0.19,0.2,0.19,0
2017-07-29,2017,210,576,7.56,1.76,204,7.9,21.3,33.2,10.8,61,90,29,8.12,804,550,0.19,0.2,0.19,0
2017-07-30,2017,211,577,7.555,1.78,265,8.62,19.8,32.4,10.1,65,100,25,7.83,768,514,0.19,0.19,0.19,0
2017-07-31,2017,212,578,7.553,2.26,235,12.97,20.4,32.4,10.2,61,91,25,8.32,772,518,0.19,0.19,0.19,0
2017-08-01,2017,213,579,4.394,1.29,132,11.89,23.4,37.7,11.2,58,92,23,6.59,916,662,0.19,0.19,0.19,0
2017-08-02,2017,214,580,5.087,1.68,285,9.5,28.6,37.5,22.1,48,65,28,7.39,1159,905,0.19,0.19,0.19,0
2017-08-03,2017,215,581,6.29,1.81,296,9.47,27,36.7,19.9,51,71,28,8.09,1089,835,0.19,0.19,0.19,0
2017-08-04,2017,216,582,7.23,1.95,284,10.75,24.7,35,16.9,50,80,24,8.42,982,728,0.19,0.19,0.19,0
2017-08-05,2017,217,583,7.179,2.2,263,10.35,21.8,32.1,14.4,59,86,33,7.83,860,606,0.19,0.19,0.19,0
2017-08-06,2017,218,584,7.391,1.98,253,8.75,19.8,29.8,11.7,69,91,42,7.42,746,492,0.19,0.19,0.18,0
2017-08-07,2017,219,585,7.295,1.91,285,8.75,18.9,30.2,10.1,71,100,36,7.29,719,465,0.19,0.19,0.18,0
2017-08-08,2017,220,586,7.229,1.89,260,8,19.1,29.7,10.1,69,93,40,7.26,706,452,0.18,0.19,0.18,0
2017-08-09,2017,221,587,7.096,1.77,270,8.07,19.3,30.6,10.5,70,97,38,7.14,737,483,0.18,0.19,0.18,0
2017-08-10,2017,222,588,7.112,1.8,255,8.13,19.1,30.6,10.6,71,99,37,7.13,739,485,0.18,0.19,0.18,0
2017-08-11,2017,223,589,7.275,1.87,235,7.9,20,32.4,10.5,67,100,35,7.7,776,522,0.18,0.18,0.18,0
2017-08-12,2017,224,590,7.269,1.98,240,8.62,19.1,31.8,8.5,67,98,31,7.89,719,465,0.18,0.18,0.18,0
2017-08-13,2017,225,591,7.127,1.87,279,7.97,18.5,31.1,9.1,70,100,34,7.39,716,462,0.18,0.18,0.18,0
2017-08-14,2017,226,592,7.144,2.02,281,10.03,16.6,26.8,8.1,76,100,41,6.66,595,341,0.18,0.18,0.18,0
2017-08-15,2017,227,593,5.349,2,279,8.49,16.2,24.2,9.5,75,95,40,5.23,568,314,0.18,0.18,0.18,0
2017-08-16,2017,228,594,6.743,1.91,277,9.87,16.6,25.5,8,72,94,46,6.18,564,310,0.18,0.18,0.17,0
2017-08-17,2017,229,595,6.905,1.8,271,7.8,19,29.6,9.8,67,93,38,6.91,697,443,0.18,0.18,0.17,0
2017-08-18,2017,230,596,6.836,1.73,259,7.58,19.9,29.9,11,66,91,40,6.82,732,478,0.18,0.18,0.17,0
2017-08-19,2017,231,597,6.823,1.69,213,8.69,19.9,29.6,11.7,68,89,41,6.7,742,488,0.18,0.18,0.17,0
2017-08-20,2017,232,598,6.424,1.64,275,7.48,18.5,27.7,12.1,74,96,46,5.9,706,452,0.18,0.18,0.17,0
2017-08-21,2017,233,599,5.776,1.53,277,7.84,19.3,28.5,12.4,70,90,40,5.71,732,478,0.18,0.18,0.17,0
2017-08-22,2017,234,600,6.949,1.74,269,8.59,19.6,31.9,10.7,70,96,32,7.21,771,517,0.18,0.18,0.17,0
2017-08-23,2017,235,601,6.609,1.89,290,7.05,17.5,26.4,11,78,99,48,5.92,653,399,0.18,0.18,0.17,0
2017-08-24,2017,236,602,5.652,1.75,262,7.45,18.9,29.3,13.2,74,96,40,5.84,769,515,0.17,0.18,0.17,0
2017-08-25,2017,237,603,6.68,1.72,198,7.58,21,31.7,11.2,65,94,37,6.98,778,524,0.17,0.18,0.17,0
2017-08-26,2017,238,604,6.778,1.55,281,7.32,23.7,36.4,12.2,58,90,28,7.8,909,655,0.17,0.18,0.17,0
2017-08-27,2017,239,605,6.825,1.64,277,7.32,26.7,39.5,16.9,49,78,17,8.55,1085,831,0.18,0.18,0.17,0
2017-08-28,2017,240,606,6.659,1.72,269,8.2,26.4,38.2,16.9,44,70,20,8.46,1056,802,0.18,0.18,0.17,0
2017-08-29,2017,241,607,6.555,1.73,174,7.55,25.3,38.3,14.7,52,85,20,8.29,1007,754,0.18,0.18,0.17,0
2017-08-30,2017,242,608,6.305,1.66,239,9.5,25.4,38.5,14.6,51,83,23,8.13,1011,757,0.17,0.18,0.17,0
2017-08-31,2017,243,609,6.334,1.67,280,8.98,29.1,40.5,17.5,39,69,17,8.6,1123,869,0.17,0.18,0.17,0
2017-09-01,2017,244,610,5.027,1.68,287,12.58,31.3,41.1,23.1,32,46,17,8.22,1264,1010,0.17,0.18,0.17,0
2017-09-02,2017,245,611,5.044,1.83,268,12.05,32.1,42.8,24.3,35,72,13,8.17,1331,1077,0.17,0.18,0.17,0.76
2017-09-03,2017,246,612,3.724,1.82,290,12.25,28.7,37.1,20.9,55,87,30,5.97,1123,869,0.17,0.17,0.17,0.25
2017-09-04,2017,247,613,4.77,2.48,166,8.46,23.4,28.6,18.4,76,93,58,5.06,872,618,0.17,0.17,0.17,0
2017-09-05,2017,248,614,5.973,1.64,289,7.55,22.7,31.4,15.7,71,96,41,6.02,874,620,0.17,0.17,0.17,0
2017-09-06,2017,249,615,6.494,1.86,287,8.23,21.2,30.9,13.4,67,93,36,6.67,811,557,0.17,0.17,0.17,0
2017-09-07,2017,250,616,5.724,2,302,9.24,19.4,29.5,13.2,75,96,35,6.06,772,518,0.17,0.17,0.17,0
2017-09-08,2017,251,617,5.755,1.86,306,8.69,18.2,27,11.8,79,97,48,5.47,684,430,0.17,0.17,0.17,0
2017-09-09,2017,252,618,5.957,1.56,268,8.17,19.6,30.8,12.1,72,98,31,5.97,779,525,0.17,0.17,0.17,0
2017-09-10,2017,253,619,4.407,1.95,292,8.46,22.8,33.9,12.8,63,97,26,6.36,865,611,0.17,0.17,0.17,14.22
2017-09-11,2017,254,620,5.835,1.79,271,6.92,24.1,32.2,17.9,71,96,43,6.07,940,686,0.17,0.17,0.17,2.79
2017-09-12,2017,255,621,4.444,1.5,262,6.7,19.7,28,15.2,82,99,51,4.38,786,532,0.17,0.17,0.17,0
2017-09-13,2017,256,622,2.864,1.75,274,8.33,18.5,24.8,16.1,80,97,50,3.14,730,476,0.17,0.17,0.17,0
2017-09-14,2017,257,623,5.927,2.27,260,8.85,18.6,25.9,15.1,75,93,46,5.27,733,479,0.17,0.17,0.17,0
2017-09-15,2017,258,624,6.102,2.65,282,10.52,17.1,25.2,9.1,70,93,36,5.61,581,327,0.17,0.17,0.17,0
2017-09-16,2017,259,625,5.733,1.61,312,7.58,16.9,26.8,11,73,94,40,5.21,661,407,0.17,0.18,0.17,0
2017-09-17,2017,260,626,5.235,1.75,290,9.54,16.4,25.6,10.7,80,100,50,4.79,626,372,0.18,0.18,0.17,0
2017-09-18,2017,261,627,5.655,2.26,296,11.3,17.6,28.2,11.2,79,100,36,5.71,696,442,0.18,0.18,0.17,0
2017-09-19,2017,262,628,4.671,1.95,259,10.13,17,25.5,9.4,77,99,40,4.82,595,341,0.18,0.18,0.18,0
2017-09-20,2017,263,629,5.91,2.04,287,9.08,16.6,26.2,8.4,72,98,32,5.65,588,334,0.18,0.18,0.18,0
2017-09-21,2017,264,630,5.558,3.24,304,13.82,14.7,20.8,7.3,74,96,41,4.49,439,185,0.18,0.18,0.18,0
2017-09-22,2017,265,631,5.892,2.38,306,12.58,12.5,21.8,4.6,71,98,25,4.95,401,147,0.18,0.18,0.18,0
2017-09-23,2017,266,632,5.826,2.39,320,12.28,15.1,26.1,6.1,62,100,22,5.69,534,280,0.18,0.18,0.18,0
2017-09-24,2017,267,633,5.949,1.8,306,9.31,17.4,28.1,8.3,39,79,16,6.11,628,374,0.18,0.18,0.18,0
2017-09-25,2017,268,634,5.817,1.78,280,11.33,19.4,29.6,10.4,33,51,13,6.67,712,458,0.18,0.18,0.18,0
2017-09-26,2017,269,635,5.822,1.66,278,9.18,21,30.6,12.7,30,48,13,6.62,787,533,0.18,0.18,0.18,0
2017-09-27,2017,270,636,5.745,1.83,296,8.72,22.3,32.3,13.9,29,44,12,7.2,854,600,0.18,0.19,0.18,0
2017-09-28,2017,271,637,5.718,1.9,303,9.63,22.9,34.2,13.7,32,51,10,7.56,891,637,0.18,0.19,0.18,0
2017-09-29,2017,272,638,5.526,2.05,306,9.7,20.7,32.2,10.9,47,87,18,6.72,782,528,0.19,0.19,0.18,0
2017-09-30,2017,273,639,5.305,2.06,298,12.18,14.9,25.2,8.3,77,100,42,5,562,308,0.19,0.19,0.18,0
2017-10-01,2017,274,640,5.567,2.13,313,13.07,16.7,31.5,7.6,68,99,19,6.61,690,436,0.19,0.19,0.18,0
2017-10-02,2017,275,641,5.613,1.75,287,9.28,15,26.2,5.8,55,95,22,5.29,528,274,0.18,0.19,0.18,0
2017-10-03,2017,276,642,3.572,1.9,314,8.07,11.3,18.8,5.5,71,96,38,3.35,352,98,0.18,0.19,0.18,0
2017-10-04,2017,277,643,5.599,1.43,280,8,14.4,28.2,3.5,54,93,14,5.38,522,268,0.18,0.18,0.18,0
2017-10-05,2017,278,644,5.572,1.52,285,9.31,16.9,30,7.2,41,66,13,5.95,647,393,0.18,0.18,0.18,0
2017-10-06,2017,279,645,5.582,1.54,275,8.36,20.2,34.4,8.3,27,55,8,6.85,772,518,0.18,0.18,0.18,0
2017-10-07,2017,280,646,5.485,1.6,278,8.53,22,35.9,9.7,27,63,6,7.08,840,586,0.18,0.19,0.18,0
2017-10-08,2017,281,647,5.275,1.64,279,7.58,15.1,26.8,5.2,64,91,30,5.15,527,273,0.18,0.18,0.18,0
2017-10-09,2017,282,648,5.15,1.33,292,6.83,17.4,28.6,8.4,61,92,21,4.85,642,388,0.18,0.18,0.18,0
2017-10-10,2017,283,649,5.035,2.01,273,11.53,17.6,28.4,9,42,91,10,5.57,652,398,0.18,0.18,0.18,0
2017-10-11,2017,284,650,4.499,1.48,303,6.43,14.1,25.6,6.9,77,100,35,4.21,539,285,0.18,0.18,0.18,0
2017-10-12,2017,285,651,5.168,2.28,32,10.55,17.4,27.5,7.8,36,82,12,5.66,602,348,0.18,0.18,0.18,0
2017-10-13,2017,286,652,5.15,1.94,9,12.64,17.1,30.1,4.1,31,54,9,6.75,580,326,0.18,0.18,0.17,0
2017-10-14,2017,287,653,5.248,1.51,302,8.56,19.1,31.8,7.4,22,36,7,6.27,694,440,0.18,0.18,0.17,0
2017-10-15,2017,288,654,5.053,1.38,256,8.75,21.8,33.4,13,20,33,7,6.05,857,603,0.18,0.18,0.17,0
2017-10-16,2017,289,655,4.999,1.28,283,7.32,22.1,34.9,12.9,20,32,5,6.04,889,635,0.18,0.18,0.17,0
2017-10-17,2017,290,656,3.685,1.97,304,11.53,20.8,30.9,14,28,51,11,6.02,823,569,0.18,0.18,0.18,0
2017-10-18,2017,291,657,4.697,2.16,305,10.75,18.2,29.1,7.6,51,98,19,5.48,635,381,0.18,0.18,0.17,0
2017-10-19,2017,292,658,4.391,2.52,284,11.76,14.8,25.5,6.6,75,100,22,4.63,530,276,0.18,0.18,0.17,0
2017-10-20,2017,293,659,4.557,4.22,306,12.05,15.9,21.5,11.4,62,91,33,3.71,550,296,0.18,0.18,0.17,0
2017-10-21,2017,294,660,4.78,2.49,25,13.03,17.6,27.1,9.5,33,57,10,5.71,633,379,0.17,0.18,0.17,0
2017-10-22,2017,295,661,4.796,1.23,290,6.53,20.6,32.9,9,30,45,14,5.46,755,501,0.17,0.18,0.17,0
2017-10-23,2017,296,662,4.848,1.36,290,7.32,25.3,37.9,14.8,22,41,6,6.34,1e3,746,0.17,0.18,0.17,0
2017-10-24,2017,297,663,4.731,1.5,280,9.31,26.7,38.5,18.7,20,29,10,6.65,1105,851,0.17,0.18,0.17,0
2017-10-25,2017,298,664,4.707,1.5,287,8,25.1,36.4,16,20,34,10,6.34,995,741,0.17,0.18,0.17,0
2017-10-26,2017,299,665,4.676,1.46,283,8.27,23,35.2,14.5,27,47,11,5.97,933,679,0.17,0.17,0.17,0
2017-10-27,2017,300,666,4.642,1.53,304,8.78,21,34,11.8,39,69,15,5.72,843,589,0.17,0.17,0.17,0
2017-10-28,2017,301,667,4.619,1.31,261,6.5,18.1,32.7,9,55,84,13,5.07,751,497,0.17,0.17,0.17,0
2017-10-29,2017,302,668,3.075,1.15,183,5.23,11.8,20,5.2,85,100,57,2.54,373,119,0.17,0.17,0.17,0
2017-10-30,2017,303,669,3.352,1.65,292,7.05,13.6,20.2,10.8,82,95,59,2.69,505,251,0.17,0.17,0.17,0
2017-10-31,2017,304,670,1.782,1.07,251,5.29,14.4,18.1,11.3,72,89,57,1.73,469,215,0.17,0.17,0.17,0
2017-11-01,2017,305,671,2.708,1.19,261,7.48,15.1,21.3,8,66,89,46,2.63,468,214,0.17,0.17,0.16,0
2017-11-02,2017,306,672,1.815,1.34,240,7.64,14.8,18.8,12.3,62,74,47,2.29,508,254,0.16,0.17,0.16,0
2017-11-03,2017,307,673,3.366,1.63,249,7.38,15,20.8,8.6,63,85,42,3.1,469,215,0.16,0.17,0.16,0
2017-11-04,2017,308,674,2.896,1.5,294,6.83,14.6,21.3,7.3,71,94,43,2.85,450,196,0.16,0.16,0.16,0
2017-11-05,2017,309,675,3.506,1.72,301,7.22,12,18.9,4.5,75,97,41,2.91,332,78,0.16,0.16,0.16,0.51
2017-11-06,2017,310,676,2.675,1.2,287,5.03,12.3,20.1,4.3,65,87,44,2.64,355,101,0.16,0.16,0.16,0
2017-11-07,2017,311,677,3.945,1.44,286,7.61,14.5,24.1,7,60,86,36,3.58,507,253,0.16,0.16,0.16,0
2017-11-08,2017,312,678,3.865,1.78,269,8.88,15,21.5,8.4,75,89,53,3.32,480,226,0.16,0.16,0.14,0
2017-11-09,2017,313,679,3.737,1.87,300,8.3,15.1,21.4,8.2,78,95,54,3.22,473,219,0.16,0.16,0.16,0
2017-11-10,2017,314,680,3.727,2.17,313,11.76,13.4,20.8,7.3,79,98,49,3.19,439,185,0.16,0.16,0.16,0
2017-11-11,2017,315,681,3.958,1.65,304,8.62,12.5,22.7,5.4,74,99,35,3.41,439,185,0.16,0.16,0.16,0
2017-11-12,2017,316,682,2.383,1.16,309,7.02,11.2,19.4,5,78,96,48,2.24,353,99,0.16,0.16,0.16,0
2017-11-13,2017,317,683,3.607,1.5,309,9.47,11.9,23.4,4.3,77,99,38,3.35,432,178,0.16,0.16,0.15,0
2017-11-14,2017,318,684,3.945,2.06,318,9.87,14.5,25.8,7.3,73,97,27,4.18,554,300,0.16,0.16,0.15,0
2017-11-15,2017,319,685,3.441,1.65,303,7.77,16.1,28.2,7.3,58,96,13,4.12,610,356,0.16,0.16,0.15,0
2017-11-16,2017,320,686,1.771,1.15,291,5.13,17.4,23.3,13,55,77,39,2.45,626,372,0.16,0.16,0.16,0
2017-11-17,2017,321,687,3.454,2.01,302,10.26,14.2,21.5,5.8,79,97,54,3.33,422,168,0.16,0.16,0.16,0
2017-11-18,2017,322,688,4.001,1.13,290,5.55,11.4,22.4,4.1,72,98,35,2.86,403,149,0.16,0.16,0.15,0
2017-11-19,2017,323,689,3.566,1.32,296,7.35,11.1,22.9,2.8,67,94,22,3.17,386,132,0.15,0.16,0.15,0
2017-11-20,2017,324,690,3.434,2.03,311,10.91,15.6,24.2,5.5,54,89,23,4,475,221,0.15,0.16,0.15,0
2017-11-21,2017,325,691,3.582,0.95,283,4.8,20.7,32.1,13.6,47,67,21,3.72,840,586,0.16,0.16,0.15,0
2017-11-22,2017,326,692,3.813,1.09,282,8.27,21.7,33.9,14.1,39,61,15,4.24,894,640,0.16,0.16,0.16,0
2017-11-23,2017,327,693,3.694,1.48,302,9.28,20.4,32.6,12.6,43,67,17,4.67,830,576,0.16,0.16,0.16,0
2017-11-24,2017,328,694,3.573,1.47,196,8.1,19.5,32.4,11.4,52,73,17,4.57,797,543,0.16,0.16,0.16,0
2017-11-25,2017,329,695,3.655,1.35,277,8.36,20.4,32.3,12.8,38,68,12,4.34,828,574,0.16,0.16,0.16,0
2017-11-26,2017,330,696,3.595,1.48,282,7.15,16,24.4,8.4,58,85,30,3.29,548,294,0.16,0.16,0.16,0
2017-11-27,2017,331,697,3.634,3.35,340,15.68,12.9,17.6,4.7,58,97,31,2.68,308,54,0.16,0.16,0.16,0.25
2017-11-28,2017,332,698,3.56,1.12,293,4.97,12,23.1,2.9,40,61,16,3.19,392,138,0.15,0.16,0.15,0
2017-11-29,2017,333,699,3.335,1.19,299,6.24,13.2,24.2,5.6,41,69,16,3.21,479,225,0.15,0.15,0.15,0
2017-11-30,2017,334,700,3.662,1.14,289,5.75,13.6,24.7,6.2,39,58,15,3.31,504,250,0.15,0.15,0.15,0
2017-12-01,2017,335,701,3.633,1.07,273,5.88,14.2,25.4,6.8,42,73,16,3.12,532,278,0.15,0.15,0.15,0
2017-12-02,2017,336,702,3.203,1,263,5.95,13.5,23.8,6.7,50,74,26,2.77,494,240,0.15,0.15,0.15,0
2017-12-03,2017,337,703,3.565,1.67,328,9.47,10.9,21.3,3.6,56,82,26,3.25,366,112,0.15,0.15,0.15,0
2017-12-04,2017,338,704,3.54,1.5,314,8.46,9.5,18.6,1,45,75,21,2.9,243,0,0.15,0.15,0.15,0
2017-12-05,2017,339,705,3.737,1.38,285,5.13,10.3,20.8,4.5,20,34,9,3.42,374,120,0.15,0.15,0.15,0
2017-12-06,2017,340,706,3.669,1.31,297,6.24,11.8,23.4,2.8,19,29,6,3.69,395,141,0.15,0.15,0.14,0
2017-12-07,2017,341,707,3.604,1.94,339,13.26,14,26.6,5.5,20,33,5,5.08,530,276,0.15,0.15,0.14,0
2017-12-08,2017,342,708,2.952,0.86,288,4.12,13.4,24.8,6.8,23,34,10,3,520,266,0.15,0.15,0.15,0
2017-12-09,2017,343,709,2.798,0.86,309,4.05,15.5,27.2,8.9,18,29,7,3.23,624,370,0.15,0.15,0.15,0
2017-12-10,2017,344,710,0.59,0.59,317,3.5,14.5,20.9,10.2,15,18,11,2.5,506,252,0.15,0.15,0.15,0
2017-12-11,2017,345,711,2.794,0.76,303,4.34,15.9,26.9,9.5,15,21,6,3.04,627,373,0.15,0.15,0.14,0
2017-12-12,2017,346,712,3.373,0.7,301,4.47,14.9,26.9,7.6,13,20,3,2.91,584,330,0.15,0.15,0.14,0
2017-12-13,2017,347,713,3.633,1.19,306,5.55,15.5,28.5,7.4,15,28,5,3.92,618,364,0.15,0.15,0.14,0
2017-12-14,2017,348,714,3.353,0.9,297,5.36,13.8,28.2,4.7,20,32,7,3.4,548,294,0.15,0.15,0.14,0
2017-12-15,2017,349,715,3.361,1.32,318,8.1,15.7,26.8,8.5,17,40,7,3.83,604,350,0.15,0.15,0.14,0
2017-12-16,2017,350,716,3.221,2.83,10,13.33,12.2,18.5,4.2,46,94,24,2.76,317,63,0.15,0.15,0.15,0
2017-12-17,2017,351,717,3.186,1.25,308,7.02,10.1,20.3,2.5,43,62,18,2.88,318,64,0.15,0.15,0.14,0
2017-12-18,2017,352,718,3.306,1.21,338,6.6,11.4,21.7,4.9,36,61,16,2.93,404,150,0.15,0.15,0.14,0
2017-12-19,2017,353,719,3.42,1.1,312,5.75,11,20.7,4.2,47,93,17,2.35,366,112,0.15,0.15,0.14,0
2017-12-20,2017,354,720,2.397,2.71,349,15.15,9.2,15.3,4.6,68,100,27,1.98,250,0,0.15,0.15,0.14,0
2017-12-21,2017,355,721,3.552,1.59,334,9.34,6.8,14.6,0.2,47,71,25,2.5,134,0,0.14,0.15,0.14,0
2017-12-22,2017,356,722,3.167,1.21,327,6.3,7.7,19.4,-0.2,36,72,10,2.7,236,0,0.14,0.14,0.14,0
2017-12-23,2017,357,723,3.123,0.93,313,6.92,9.7,21.8,2.2,30,57,7,2.69,345,91,0.14,0.14,0.14,0
2017-12-24,2017,358,724,2.365,1.1,320,7.35,10.8,21.7,3.3,46,78,10,2.6,369,115,0.14,0.14,0.14,0
2017-12-25,2017,359,725,2.985,0.95,305,5.26,11.3,22.1,2.2,40,80,13,2.55,351,97,0.14,0.14,0.14,0
2017-12-26,2017,360,726,3.217,1.33,312,10.22,13.5,25,7.3,43,67,18,3.34,534,280,0.14,0.15,0.14,0
2017-12-27,2017,361,727,3.47,1.05,306,5.78,13.8,26,6,49,75,22,3.08,528,274,0.14,0.15,0.14,0
2017-12-28,2017,362,728,3.451,0.93,308,5.26,15.5,27.2,7.3,31,55,14,3.16,586,332,0.15,0.15,0.14,0
2017-12-29,2017,363,729,3.517,0.94,298,6.53,16.9,28.7,9.7,25,40,10,3.38,673,419,0.15,0.15,0.14,0
2017-12-30,2017,364,730,3.233,1,306,6.14,14.9,25.7,8.6,37,64,12,2.99,580,326,0.15,0.15,0.14,0
2017-12-31,2017,365,731,3.29,1.26,314,8,11.4,21.4,4.1,66,95,28,2.57,378,124,0.15,0.15,0.14,0
2018-01-01,2018,001,732,3.219,0.99,312,4.83,12.7,24.5,3.6,64,100,20,2.68,440,186,0.15,0.15,0.14,0
2018-01-02,2018,002,733,1.594,0.73,316,3.92,15.2,24,9.8,34,52,17,2.46,569,315,0.15,0.15,0.14,0
2018-01-03,2018,003,734,1.029,1.51,291,8.49,16.2,22.9,9.2,29,39,15,3.65,530,276,0.14,0.15,0.14,0
2018-01-04,2018,004,735,2.062,1.51,187,6.21,16.3,20.8,12.7,85,98,26,1.83,563,309,0.15,0.15,0.14,15.75
2018-01-05,2018,005,736,2.901,1.49,310,7.22,15.3,21.4,10.6,88,100,56,2.23,528,274,0.15,0.15,0.01,1.52
2018-01-06,2018,006,737,1.943,1.31,267,8,14.6,20.7,11.5,89,98,60,1.79,532,278,0.15,0.15,0.15,0
2018-01-07,2018,007,738,3.199,1.19,333,5.23,15.7,22.9,10,78,100,40,2.35,549,295,0.15,0.15,0.15,0
2018-01-08,2018,008,739,0.486,4,127,17.38,15.4,18.9,12.9,79,93,57,1.53,524,270,0.15,0.15,0.15,4.57
2018-01-09,2018,009,740,1.669,3.67,322,15.91,11.7,15.1,9,87,97,59,1.51,346,92,0.49,0.59,0.15,44.96
2018-01-10,2018,010,741,3.428,3.58,297,11.47,11.8,18.5,7,79,98,50,2.55,381,127,0.49,0.5,0.48,0.25
2018-01-11,2018,011,742,3.597,0.96,332,4.8,11.5,21.5,4.6,81,99,50,2.37,392,138,0.47,0.48,0.46,0
2018-01-12,2018,012,743,3.662,1.62,321,7.87,14.4,26.3,6.9,63,96,21,3.66,555,301,0.46,0.47,0.45,0
2018-01-13,2018,013,744,3.719,1.01,298,5.45,16.1,27.1,8.4,37,58,15,3.39,610,356,0.45,0.45,0.44,0
2018-01-14,2018,014,745,1.684,1.49,341,8.69,15.9,26.7,10.7,39,53,15,3.86,652,398,0.44,0.44,0.43,0
2018-01-15,2018,015,746,3.107,1.15,308,7.97,14.4,23.9,6.5,51,96,24,2.75,493,239,0.43,0.43,0.42,0
2018-01-16,2018,016,747,2.53,1.26,306,5.68,11.8,21.8,6.1,76,94,43,2.54,435,181,0.42,0.42,0.41,0
2018-01-17,2018,017,748,3.075,1,318,6.04,13.5,22.7,6.8,76,97,37,2.44,470,216,0.41,0.41,0.4,0
2018-01-18,2018,018,749,3.608,1.3,326,6.86,14,23.5,6.4,74,96,40,2.97,481,227,0.4,0.4,0.39,0
2018-01-19,2018,019,750,1.409,2.72,319,8.98,10.2,14.7,6.6,78,96,53,1.72,282,28,0.39,0.39,0.38,0
2018-01-20,2018,020,751,3.917,3.82,318,11.47,8.8,13.9,4.5,59,78,34,2.67,219,0,0.37,0.38,0.36,0
2018-01-21,2018,021,752,3.255,1.81,302,9.05,7.2,15.3,-0,65,87,36,2.71,146,0,0.35,0.36,0.35,0
2018-01-22,2018,022,753,3.944,1.75,354,9.21,8.9,19.9,-0.2,69,94,18,3.39,246,0,0.34,0.35,0.34,0
2018-01-23,2018,023,754,4.032,1.07,307,6.4,11.1,21.8,2.5,67,100,24,2.8,352,98,0.33,0.34,0.32,0
2018-01-24,2018,024,755,3.773,1.63,270,7.64,11.1,21.8,3.8,58,93,19,3.34,381,127,0.32,0.32,0.31,0
2018-01-25,2018,025,756,3.621,3.11,314,11.73,8.7,14.1,3.3,77,98,41,2.33,195,0,0.31,0.31,0.3,0
2018-01-26,2018,026,757,4.118,1.72,21,8.75,8.4,17.5,2.2,59,84,26,3.07,246,0,0.3,0.3,0.29,0
2018-01-27,2018,027,758,3.918,2.39,9,18.03,11.6,22.5,0.6,43,76,16,4.44,325,71,0.29,0.29,0.28,0
2018-01-28,2018,028,759,4.204,1.22,316,5.07,16.4,28.2,6.8,35,52,16,4.26,598,344,0.28,0.29,0.28,0
2018-01-29,2018,029,760,3.422,1.1,307,6.67,18.2,28.5,11,28,45,10,3.98,700,446,0.28,0.28,0.27,0
2018-01-30,2018,030,761,2.338,0.99,314,5.91,16.9,26.3,9.5,35,51,16,3.38,617,363,0.27,0.28,0.27,0
2018-01-31,2018,031,762,4.359,1.61,327,8.3,16.4,29.1,8.4,36,60,12,4.95,655,401,0.27,0.27,0.26,0
2018-02-01,2018,032,763,4.307,1.01,275,7.22,16.7,28.4,8.4,31,59,11,3.93,637,383,0.26,0.27,0.26,0
2018-02-02,2018,033,764,4.088,1.03,288,7.09,17.7,29.1,10.6,33,47,14,4.08,704,450,0.26,0.26,0.26,0
2018-02-03,2018,034,765,4.341,1.35,295,7.9,18.3,29.1,10.9,35,54,16,4.58,711,457,0.26,0.26,0.25,0
2018-02-04,2018,035,766,4.422,1.22,296,6.99,18,28.9,9.4,37,64,17,4.32,670,416,0.25,0.26,0.25,0
2018-02-05,2018,036,767,4.441,1.48,316,7.28,16.6,27.4,9.2,45,73,20,4.4,635,381,0.25,0.25,0.25,0
2018-02-06,2018,037,768,4.445,1.39,324,6.47,15.4,25.3,7.4,56,78,31,3.99,544,290,0.25,0.25,0.24,0
2018-02-07,2018,038,769,4.565,1.48,303,7.84,16.9,27.9,8.8,44,72,10,4.57,636,382,0.24,0.25,0.24,0
2018-02-08,2018,039,770,4.597,1.23,289,6.92,17.3,29.1,9.3,37,61,13,4.53,674,420,0.24,0.24,0.24,0
2018-02-09,2018,040,771,4.633,1.94,306,11.33,18.6,29.6,8.2,33,54,14,5.93,659,405,0.24,0.24,0.24,0
2018-02-10,2018,041,772,4.48,1.62,290,8.95,12.7,22.1,6.2,62,97,37,3.56,443,189,0.24,0.24,0.23,0
2018-02-11,2018,042,773,4.723,1.93,307,8.03,11.8,20.9,4.2,66,97,25,3.84,371,117,0.23,0.24,0.23,0
2018-02-12,2018,043,774,4.452,3.19,315,10.78,8.6,13.9,2.3,68,92,42,2.89,167,0,0.23,0.23,0.23,0
2018-02-13,2018,044,775,2.929,2.4,97,10.75,8.4,14.1,1.6,69,92,50,2.62,155,0,0.23,0.23,0.23,0.51
2018-02-14,2018,045,776,3.988,1.6,334,7.09,10.6,19.2,3.9,63,85,41,3.36,325,71,0.22,0.23,0.06,0
2018-02-15,2018,046,777,4.908,2.63,25,12.67,11,20,0.5,52,92,24,4.19,264,10,0.23,0.23,0.22,0
2018-02-16,2018,047,778,4.941,1.82,300,10,11.7,21.9,3.2,41,68,16,4.58,372,118,0.22,0.23,0.22,0
2018-02-17,2018,048,779,5.032,1.26,285,7.77,13,23.8,4.7,33,60,13,4.25,450,196,0.22,0.23,0.22,0
2018-02-18,2018,049,780,4.927,2.64,295,10.65,9.7,17.8,3.3,58,77,35,3.96,280,27,0.22,0.23,0.22,0
2018-02-19,2018,050,781,4.721,4.4,317,13.03,6.8,10.6,1.6,52,73,35,2.95,75,0,0.22,0.22,0.22,0
2018-02-20,2018,051,782,5.184,2.58,339,12.97,5.3,13.8,-2.3,46,81,15,3.58,61,0,0.22,0.22,0.21,0
2018-02-21,2018,052,783,5.155,2.36,323,11.01,5.4,14.1,-3.9,63,91,21,3.56,31,0,0.21,0.22,0.21,0
2018-02-22,2018,053,784,4.635,2.46,317,12.12,5.7,12.6,-1.3,71,93,43,3.04,54,0,0.21,0.22,0.21,0.25
2018-02-23,2018,054,785,5.335,3.46,352,14.99,7.2,12.3,1.6,40,79,15,3.3,115,0,0.21,0.22,0.21,0
2018-02-24,2018,055,786,5.349,2.88,308,13.72,6.3,16.4,-2.6,47,85,19,4.08,112,0,0.21,0.21,0.21,0
2018-02-25,2018,056,787,5.333,1.85,278,10.75,8.9,18.8,1.1,54,89,22,4.1,253,0,0.21,0.22,0.21,0
2018-02-26,2018,057,788,4.36,2.02,314,8.46,5.8,13.7,-1.4,76,94,44,3.19,78,0,0.21,0.21,0.21,1.78
2018-02-27,2018,058,789,5.402,1.77,6,9.93,5.1,12.6,-1.7,64,96,29,3.1,47,0,0.21,0.21,0.21,0.25
2018-02-28,2018,059,790,5.457,1.66,313,9.21,5.9,15.8,-2.8,67,93,32,3.64,93,0,0.21,0.21,0.2,0
2018-03-01,2018,060,791,1.382,2.71,142,9.05,8.5,12.4,2.4,80,97,55,1.91,136,0,0.21,0.21,0.21,7.11
2018-03-02,2018,061,792,3.29,1.7,144,9.02,10,14.4,7.6,86,98,54,2.18,299,45,0.32,0.36,0.21,12.19
2018-03-03,2018,062,793,3.688,1.81,328,8.78,8.3,12.5,3.9,79,97,49,2.35,172,0,0.36,0.37,0.36,3.3
2018-03-04,2018,063,794,5.676,2.22,13,12.32,7.5,14.7,-1.1,56,92,26,3.78,108,0,0.36,0.37,0.35,0
2018-03-05,2018,064,795,5.798,1.69,314,10.06,10.5,19.8,1,40,70,18,4.63,272,18,0.34,0.35,0.33,0
2018-03-06,2018,065,796,5.736,1.29,292,7.28,12.5,23.3,3.4,36,64,12,4.69,406,152,0.32,0.33,0.32,0
2018-03-07,2018,066,797,3.217,1.25,300,6.4,12.8,23.1,5.4,41,82,14,3.6,448,194,0.31,0.32,0.3,0
2018-03-08,2018,067,798,5.617,2.04,304,11.66,13.3,25.1,4.7,62,94,31,5.46,479,225,0.29,0.3,0.29,0
2018-03-09,2018,068,799,4.784,1.81,325,9.6,13.3,21,6.5,73,99,40,3.95,426,172,0.28,0.29,0.28,0
2018-03-10,2018,069,800,2.358,1.79,100,9.37,12.7,19,10.2,84,97,59,2.47,464,210,0.28,0.33,0.27,17.53
2018-03-11,2018,070,801,4.25,1.15,288,5.55,13.2,19.9,7.1,85,99,60,3.09,412,158,0.37,0.38,0.33,0
2018-03-12,2018,071,802,3.966,1.55,275,7.51,14.7,21.3,8.6,84,99,58,3.39,481,227,0.37,0.38,0.37,0.25
2018-03-13,2018,072,803,1.277,1.76,225,6.83,14.1,16,10.4,90,97,81,1.55,401,147,0.37,0.37,0.37,6.1
2018-03-14,2018,073,804,3.847,1.57,306,7.51,9.9,14.6,4.7,88,99,60,2.62,239,0,0.38,0.45,0.36,9.14
2018-03-15,2018,074,805,6.228,3.9,307,11.66,8.9,14.1,2.5,74,95,47,3.73,176,0,0.45,0.46,0.43,0
2018-03-16,2018,075,806,2.381,1.72,283,6.67,7.1,12,1.7,88,96,70,2.12,110,0,0.42,0.43,0.42,4.06
2018-03-17,2018,076,807,4.969,2.38,320,10.75,7.1,12.4,1.5,76,97,46,3.11,114,0,0.42,0.42,0.42,0.25
2018-03-18,2018,077,808,5.119,1.46,302,6.5,7.7,15.2,-0.5,72,96,41,3.38,134,0,0.41,0.42,0.4,0
2018-03-19,2018,078,809,5.954,1.83,300,10.72,10.9,19.5,2.2,62,92,24,4.6,292,38,0.38,0.4,0.31,0
2018-03-20,2018,079,810,2.264,1.6,260,7.22,12.3,18.4,6.1,70,96,29,2.66,358,104,0.31,0.32,0.31,9.4
2018-03-21,2018,080,811,0.71,2.75,143,8.49,14.3,16.2,11.7,88,95,73,1.4,435,181,0.42,0.5,0.32,39.62
2018-03-22,2018,081,812,1.509,3.22,149,11.69,13.1,15.6,7.8,91,96,81,2.02,331,77,0.43,0.46,0.41,25.65
2018-03-23,2018,082,813,5.574,1.99,278,8.03,10,17.1,5.4,81,97,53,3.91,310,56,0.41,0.43,0.4,0
2018-03-24,2018,083,814,5.889,2.7,305,10.68,9.4,15.3,3.7,76,96,48,3.85,233,0,0.39,0.42,0.39,0
2018-03-25,2018,084,815,6.393,3.95,323,13.55,9.9,15,5.3,56,76,35,4.35,260,6,0.41,0.42,0.41,0
2018-03-26,2018,085,816,6.698,3.29,1,14.27,11.8,17.4,5.8,42,72,26,4.96,327,73,0.4,0.41,0.4,0
2018-03-27,2018,086,817,6.715,1.81,319,8.78,11.5,20.2,3,60,86,34,5.12,327,73,0.39,0.4,0.39,0
2018-03-28,2018,087,818,6.743,1.47,294,6.21,14.2,24.9,4.7,63,91,24,5.51,472,218,0.38,0.39,0.37,0
2018-03-29,2018,088,819,6.72,1.61,314,7.42,15.7,25.8,7.4,69,91,37,5.73,556,302,0.37,0.38,0.36,0
2018-03-30,2018,089,820,6.686,1.47,300,6.89,17.2,27,8.4,60,89,27,5.78,606,352,0.35,0.36,0.34,0
2018-03-31,2018,090,821,6.02,1.61,292,8.3,16,25.7,9.4,71,93,40,5.31,599,345,0.33,0.34,0.32,0
2018-04-01,2018,091,822,5.152,1.5,325,7.71,13,22.5,7.3,83,100,48,4.28,477,223,0.32,0.32,0.31,0
2018-04-02,2018,092,823,5.459,2.25,331,9.37,11.7,19.3,6.8,87,100,60,4.22,392,138,0.31,0.31,0.3,0
2018-04-03,2018,093,824,6.254,1.68,266,9.34,13.4,20.7,9.3,84,99,57,4.46,482,228,0.3,0.3,0.29,0
2018-04-04,2018,094,825,5.907,2.22,304,10.62,12.9,22.1,8.2,84,100,47,4.88,490,236,0.29,0.29,0.29,0
2018-04-05,2018,095,826,6.044,2.04,312,10.58,12.5,21,7.1,72,100,39,4.8,438,184,0.28,0.29,0.28,0
2018-04-06,2018,096,827,5.678,2.57,300,9.34,14.4,22.8,5.5,73,93,45,5.31,442,188,0.27,0.28,0.27,0
2018-04-07,2018,097,828,3.925,3.57,302,12.87,14.9,19.4,11.2,88,96,72,3.36,495,241,0.27,0.27,0.27,1.02
2018-04-08,2018,098,829,6.998,3.92,30,12.87,17.7,24.9,9.1,44,93,19,6.08,573,319,0.26,0.27,0.26,0
2018-04-09,2018,099,830,7.093,1.26,314,6.04,20.2,32.8,8.2,37,66,13,7.09,733,479,0.25,0.26,0.24,0
2018-04-10,2018,100,831,6.829,1.58,282,8.33,17,28.4,9.8,57,98,27,6.17,672,418,0.24,0.24,0.23,0
2018-04-11,2018,101,832,5.907,2.52,318,14.18,12.2,24.7,7.3,80,100,16,5.56,526,272,0.23,0.23,0.23,0
2018-04-12,2018,102,833,7.338,5.06,335,14.99,12.9,17.7,7.4,46,94,24,4.86,370,116,0.23,0.23,0.23,0
2018-04-13,2018,103,834,7.459,3.63,26,16.82,16.3,25,7.9,31,52,11,7.23,547,293,0.22,0.23,0.22,0
2018-04-14,2018,104,835,7.462,1.49,288,8.53,16.8,27.6,6.9,41,80,12,6.62,586,332,0.21,0.22,0.2,0
2018-04-15,2018,105,836,6.212,1.88,304,9.93,13.8,22.7,3.9,63,90,31,5.59,405,151,0.21,0.22,0.2,0
2018-04-16,2018,106,837,6.129,3.12,313,12.61,9.3,14.7,3.1,68,95,43,4.07,205,0,0.21,0.22,0.21,0
2018-04-17,2018,107,838,7.578,2.38,346,14.8,9.7,20.4,-0.2,63,94,25,5.91,260,6,0.21,0.21,0.21,0
2018-04-18,2018,108,839,6.946,2.13,300,9.47,10.1,19.2,1.4,64,93,36,5.39,268,14,0.21,0.21,0.21,0
2018-04-19,2018,109,840,7.616,3.6,310,13.65,9.3,15.5,1.1,78,97,52,4.83,177,0,0.21,0.21,0.2,2.79
2018-04-20,2018,110,841,7.561,2.35,303,11.27,12.5,23.3,3.3,72,100,39,6.31,406,152,0.2,0.21,0.2,0
2018-04-21,2018,111,842,7.322,1.55,302,7.22,16.6,28.6,3.8,59,100,21,6.77,537,283,0.2,0.2,0.2,0
2018-04-22,2018,112,843,7.61,1.98,313,8.95,19.8,30.4,11.4,50,77,18,7.89,751,497,0.2,0.2,0.2,0
2018-04-23,2018,113,844,7.761,1.64,296,8.2,17.2,27.6,7.8,61,91,29,6.83,606,352,0.2,0.2,0.2,0
2018-04-24,2018,114,845,7.161,1.56,278,7.15,14.7,25.6,5.1,71,94,39,6.14,498,244,0.2,0.2,0.2,0
2018-04-25,2018,115,846,7.495,1.47,288,7.09,13.6,24.6,5.3,75,100,33,5.91,480,226,0.2,0.2,0.2,0
2018-04-26,2018,116,847,6.851,1.76,295,7.71,12.5,22.6,5.7,79,100,44,5.51,444,190,0.2,0.2,0.2,0
2018-04-27,2018,117,848,7.525,3.41,322,14.8,12.8,20.3,5,70,94,43,5.7,375,121,0.2,0.2,0.19,0
2018-04-28,2018,118,849,7.508,3.69,318,13.88,12,20.5,4,72,99,43,5.7,357,103,0.19,0.2,0.19,0
2018-04-29,2018,119,850,7.075,3.48,313,13.85,10.9,18.9,2.7,76,98,48,5.29,291,37,0.19,0.19,0.19,0
2018-04-30,2018,120,851,6.18,2.92,303,13.49,10.6,17.6,4.3,76,98,53,4.58,297,43,0.19,0.19,0.19,0
2018-05-01,2018,121,852,5.405,2.07,282,9.67,11,17.2,6.7,73,89,49,4.28,343,89,0.19,0.19,0.19,0
2018-05-02,2018,122,853,6.506,2.41,295,9.77,11.9,19.3,5.3,73,93,49,5.11,359,105,0.19,0.19,0.19,0
2018-05-03,2018,123,854,7.644,1.58,304,7.87,13.6,23.2,3.8,72,97,46,5.96,413,159,0.19,0.19,0.19,0
2018-05-04,2018,124,855,7.82,1.76,299,9.02,17.9,29.9,5.1,61,100,23,7.63,597,343,0.19,0.19,0.19,0
2018-05-05,2018,125,856,6.961,1.64,231,7.71,15.4,27.5,6.1,73,97,36,6.51,565,311,0.19,0.19,0.19,0
2018-05-06,2018,126,857,5.088,1.72,304,7.58,13.9,22.6,7.4,78,100,46,4.65,484,230,0.19,0.19,0.19,0
2018-05-07,2018,127,858,7.884,2.21,291,11.63,17,28.7,6.5,63,97,28,7.68,602,348,0.19,0.19,0.18,0
2018-05-08,2018,128,859,7.543,2.1,286,10.78,15.8,31.1,5.2,68,97,31,8.26,627,373,0.19,0.19,0.18,0
2018-05-09,2018,129,860,7.758,2.44,305,12.02,15.3,27.4,6.5,72,100,39,7.29,571,317,0.19,0.19,0.19,0
2018-05-10,2018,130,861,7.216,2.33,298,11.04,13.6,21.4,6.4,74,97,46,5.72,432,178,0.19,0.19,0.19,0
2018-05-11,2018,131,862,5.576,1.79,218,7.71,12.8,19.9,8.4,80,98,54,4.38,443,189,0.19,0.19,0.19,0
2018-05-12,2018,132,863,6.441,1.9,264,8.75,13.8,21,7.3,73,94,48,5.23,445,191,0.19,0.19,0.19,0
2018-05-13,2018,133,864,3.443,1.4,299,8.66,11.8,20.7,5.5,78,96,49,3.54,396,142,0.19,0.19,0.18,0
2018-05-14,2018,134,865,6.856,1.84,311,9.34,13.6,21.8,6,72,95,46,5.59,433,179,0.18,0.19,0.17,0
2018-05-15,2018,135,866,7.202,2.1,319,9.51,12.9,21.7,5,72,95,39,5.94,408,154,0.18,0.19,0.18,0
2018-05-16,2018,136,867,7.941,2.62,311,10.98,12.5,20.8,3.6,69,97,40,6.1,356,102,0.18,0.19,0.18,0
2018-05-17,2018,137,868,7.681,2.46,277,9.57,14.5,22.7,7.3,70,91,42,6.32,482,228,0.18,0.19,0.18,0
2018-05-18,2018,138,869,5.983,2.32,284,9.64,13.8,21.8,9.7,77,93,49,5.19,518,264,0.19,0.19,0.18,0
2018-05-19,2018,139,870,6.667,2.43,296,10.32,14.1,23,10.1,77,94,48,5.7,554,300,0.19,0.19,0.18,0
2018-05-20,2018,140,871,5.435,2.41,281,10.71,12.4,20.1,8.9,79,97,51,4.51,459,205,0.18,0.19,0.18,0
2018-05-21,2018,141,872,5.111,1.72,283,8.07,11.9,18.9,8.1,78,94,52,4.11,414,160,0.18,0.18,0.18,0
2018-05-22,2018,142,873,7.34,2.03,294,8.82,14.2,22.5,7.5,72,92,46,6.12,484,230,0.18,0.19,0.18,0
2018-05-23,2018,143,874,6.871,2.07,281,8.4,14.8,22.8,8.5,73,95,49,5.83,512,258,0.18,0.19,0.18,0
2018-05-24,2018,144,875,1.634,1.61,262,7.61,13.2,18.4,10.6,80,90,63,2.31,460,206,0.18,0.19,0.18,0
2018-05-25,2018,145,876,6.075,2.61,299,11.2,13.5,19.8,7.1,71,95,43,4.96,414,160,0.18,0.18,0.18,0
2018-05-26,2018,146,877,8.026,3.68,301,13.23,13.6,21.1,7.8,74,94,47,6.08,459,205,0.18,0.18,0.18,0
2018-05-27,2018,147,878,7.576,2.08,260,9.31,15.2,23.8,8.4,72,93,45,6.46,533,279,0.18,0.18,0.18,0
2018-05-28,2018,148,879,8.031,2,288,8.79,17.5,27.2,6.1,66,99,40,7.44,558,304,0.18,0.18,0.18,0
2018-05-29,2018,149,880,8.02,1.88,228,7.38,18.1,28.8,7.8,67,97,37,7.6,632,378,0.18,0.18,0.18,0
2018-05-30,2018,150,881,3.262,2.11,290,7.74,13.9,17.5,10.7,81,95,67,2.97,440,186,0.18,0.18,0.18,0
2018-05-31,2018,151,882,7.206,2.45,285,10.39,12.8,19.4,6.7,72,93,41,5.46,394,140,0.18,0.18,0.18,0
2018-06-01,2018,152,883,8.112,1.93,315,9.08,16.4,26,6.5,60,97,32,7.15,540,286,0.18,0.18,0.18,0
2018-06-02,2018,153,884,8.15,1.95,300,8.69,21.2,33.5,9.5,47,80,21,9.11,779,525,0.18,0.18,0.18,0
2018-06-03,2018,154,885,8.182,2.1,289,8.89,21.8,31.6,11,50,77,25,8.74,769,515,0.18,0.18,0.18,0
2018-06-04,2018,155,886,2.043,0.99,101,5.1,14.4,27,9,73,91,39,3.35,621,367,0.18,0.18,0.18,0
2018-06-05,2018,156,887,7.936,2.12,280,9.02,14.6,25.1,7,70,95,38,6.96,531,277,0.18,0.18,0.18,0
2018-06-06,2018,157,888,7.206,2.39,295,10.75,13.7,22.3,8.6,75,94,34,5.93,503,249,0.18,0.18,0.18,0
2018-06-07,2018,158,889,7.685,2.3,270,11.37,15.7,24,8,67,88,37,6.71,527,273,0.18,0.18,0.18,0
2018-06-08,2018,159,890,8.208,2.67,301,14.5,16.9,29.4,6.3,62,95,24,8.19,613,359,0.18,0.18,0.17,0
2018-06-09,2018,160,891,8.015,2.65,305,12.41,15.3,25.8,5.6,66,97,38,7.23,515,261,0.18,0.18,0.17,0
2018-06-10,2018,161,892,8.264,2.98,19,16.14,18,29.4,4.6,45,94,10,8.33,574,320,0.17,0.18,0.17,0
2018-06-11,2018,162,893,8.153,1.98,270,7.74,19.4,30.2,8.3,46,73,24,8.57,677,423,0.17,0.18,0.17,0
2018-06-12,2018,163,894,8.135,1.88,294,9.15,22.6,33.4,11.9,43,74,22,8.95,832,578,0.17,0.18,0.17,0
2018-06-13,2018,164,895,8.158,1.85,254,8.89,22.8,32.8,12.1,48,80,26,8.68,823,569,0.17,0.18,0.17,0
2018-06-14,2018,165,896,8.174,1.95,237,8.1,18.6,29.4,8.1,60,88,33,8.09,654,400,0.17,0.18,0.17,0
2018-06-15,2018,166,897,7.963,1.82,276,7.51,15.7,26.8,6.9,68,96,36,7.14,567,313,0.17,0.17,0.17,0
2018-06-16,2018,167,898,6.217,1.97,254,8.95,14.6,21.7,6.8,75,97,52,5.37,449,195,0.17,0.17,0.17,0
2018-06-17,2018,168,899,5.422,2.15,269,7.68,15,21.4,6.9,70,89,46,5.17,442,188,0.17,0.17,0.17,0
2018-06-18,2018,169,900,8.17,2.16,295,10.03,14.7,24.3,4.8,69,95,44,7.04,462,208,0.17,0.17,0.16,0
2018-06-19,2018,170,901,7.826,2.16,315,12.45,17.8,28.7,8.6,67,97,34,7.64,649,395,0.17,0.17,0.17,0
2018-06-20,2018,171,902,8.037,1.9,231,8.56,17.8,31.1,6.5,65,99,33,8.28,656,402,0.17,0.17,0.16,0
2018-06-21,2018,172,903,8.349,1.95,275,8.56,18.4,30.4,6,61,92,27,8.46,629,375,0.17,0.17,0.16,0
2018-06-22,2018,173,904,8.376,2.17,289,11.92,19.1,32.2,6.2,56,93,21,9.06,674,420,0.17,0.17,0.16,0
2018-06-23,2018,174,905,8.201,1.83,262,8.33,19.9,29.9,9.2,60,87,36,8.02,691,437,0.17,0.17,0.16,0
2018-06-24,2018,175,906,7.933,1.74,270,7.42,19,27.9,10.4,70,94,45,7.16,674,420,0.17,0.17,0.16,0
2018-06-25,2018,176,907,7.241,2.16,316,7.61,17.7,25.9,11,73,97,46,6.52,641,387,0.17,0.17,0.16,0
2018-06-26,2018,177,908,8.12,1.95,284,9.11,18.6,28.4,8.8,65,92,40,7.7,646,392,0.16,0.17,0.16,0
2018-06-27,2018,178,909,8.388,2.12,291,8.98,16.7,27.3,6.7,67,98,31,7.68,574,320,0.16,0.17,0.16,0
2018-06-28,2018,179,910,7.363,2.4,308,11.37,16,27,8.7,71,96,35,7,614,360,0.16,0.17,0.16,0
2018-06-29,2018,180,911,7.498,2.1,300,8.89,16.4,25.6,9.1,71,96,42,6.73,589,335,0.16,0.16,0.16,0
2018-06-30,2018,181,912,7.856,1.81,272,9.34,19,28.5,9.4,66,90,43,7.42,662,408,0.16,0.16,0.16,0
2018-07-01,2018,182,913,7.833,1.74,268,7.74,19.8,29.2,10.9,66,92,37,7.39,715,461,0.16,0.16,0.16,0
2018-07-02,2018,183,914,7.873,2.02,262,10.13,19,28.2,10.4,68,91,43,7.55,680,426,0.16,0.16,0.16,0
2018-07-03,2018,184,915,7.726,1.88,289,7.78,17.5,26.7,10.3,73,97,46,6.84,642,388,0.16,0.16,0.16,0
2018-07-04,2018,185,916,8.1,2.07,280,7.68,19.4,27,10.1,66,91,43,7.4,645,391,0.16,0.16,0.16,0
2018-07-05,2018,186,917,6.861,1.86,284,10,19.4,32.9,7.9,62,96,18,8.03,731,477,0.16,0.16,0.16,0
2018-07-06,2018,187,918,8.009,2.82,290,11.69,28,43.6,13.6,38,80,9,11.54,1104,850,0.16,0.16,0.16,0
2018-07-07,2018,188,919,7.65,1.85,284,8,28.6,41.3,17.6,33,56,16,10.46,1145,891,0.16,0.16,0.16,0
2018-07-08,2018,189,920,7.692,2.12,287,9.41,28.4,39.5,19,33,54,12,10.42,1133,879,0.16,0.16,0.16,0
2018-07-09,2018,190,921,6.52,2.08,279,8.95,27,37,17,31,52,13,9.35,1031,778,0.16,0.16,0.16,0
2018-07-10,2018,191,922,7.614,1.94,268,9.77,26.2,35.9,16.5,33,52,18,9.54,994,740,0.16,0.16,0.16,0
2018-07-11,2018,192,923,7.658,1.79,240,8,22.8,33,13.2,49,69,29,8.49,854,600,0.16,0.16,0.16,0
2018-07-12,2018,193,924,5.669,1.64,232,8.75,23.3,33.1,16.7,54,73,26,6.99,936,682,0.16,0.16,0.16,0
2018-07-13,2018,194,925,7.683,1.87,242,8.66,23.1,33.5,13.9,56,83,29,8.41,879,625,0.16,0.16,0.16,0
2018-07-14,2018,195,926,7.71,1.86,207,8.66,20.6,30.6,12.8,64,86,38,7.75,788,534,0.16,0.16,0.16,0
2018-07-15,2018,196,927,7.752,1.9,219,7.55,20.1,30.3,11.5,65,88,37,7.8,751,497,0.16,0.16,0.15,0
2018-07-16,2018,197,928,7.525,1.84,244,8.59,20.8,32.1,11.4,63,89,35,7.99,790,536,0.16,0.16,0.15,0
2018-07-17,2018,198,929,7.738,1.92,240,8.79,20.5,31.7,10.7,62,88,35,8.17,767,513,0.16,0.16,0.15,0
2018-07-18,2018,199,930,6.562,1.75,220,8.56,22.5,32.3,11.9,59,87,36,7.41,806,552,0.15,0.16,0.15,0
2018-07-19,2018,200,931,7.199,1.72,274,10.16,24.7,34.9,15,55,79,31,8.24,937,683,0.15,0.16,0.15,0
2018-07-20,2018,201,932,7.416,1.85,235,8.95,24,32.8,16.5,57,78,35,8.03,923,669,0.16,0.16,0.15,0
2018-07-21,2018,202,933,7.55,1.94,258,8.72,22.5,32.1,14.4,60,85,34,8.03,859,605,0.16,0.16,0.15,0
2018-07-22,2018,203,934,7.667,1.93,286,10,22.1,32.4,13.5,59,85,30,8.2,846,592,0.15,0.16,0.15,0
2018-07-23,2018,204,935,7.496,2.29,278,11.07,22,32.6,11.9,61,89,33,8.29,815,561,0.15,0.16,0.15,0
2018-07-24,2018,205,936,7.655,2.41,238,11.4,23.1,36.4,11.7,57,89,26,9.34,896,642,0.15,0.15,0.15,0
2018-07-25,2018,206,937,7.75,2.22,162,10.39,26.1,43.6,14.2,47,82,11,11.24,1117,863,0.15,0.16,0.15,0
2018-07-26,2018,207,938,7.065,1.8,191,8.69,22.6,35.4,12.4,54,80,23,8.51,889,635,0.15,0.16,0.15,0
2018-07-27,2018,208,939,7.19,1.59,172,7.61,21.1,35.3,10.8,58,85,22,8.2,852,598,0.16,0.16,0.15,0
2018-07-28,2018,209,940,7.525,1.78,236,7.61,21.4,34.7,11.3,57,85,25,8.52,848,594,0.15,0.16,0.15,0
2018-07-29,2018,210,941,7.332,1.74,284,8.79,23.4,35.9,11.1,53,85,26,8.64,870,616,0.15,0.15,0.15,0
2018-07-30,2018,211,942,6.806,1.78,275,8.85,24.5,34.8,15.4,50,76,28,8.1,945,691,0.15,0.15,0.15,0
2018-07-31,2018,212,943,7.312,1.53,297,7.94,26.2,36.8,16.2,44,71,23,8.41,1007,754,0.15,0.15,0.15,0
2018-08-01,2018,213,944,7.053,1.78,271,7.68,25.5,35.8,16.6,44,63,22,8.62,994,740,0.15,0.15,0.15,0
2018-08-02,2018,214,945,7.201,1.94,207,8,22.1,32.9,12.7,56,86,28,8.06,840,586,0.15,0.15,0.15,0
2018-08-03,2018,215,946,7.728,1.94,276,8.53,21.7,33.7,9.8,53,87,22,8.69,792,538,0.15,0.15,0.14,0
2018-08-04,2018,216,947,7.533,2.06,300,10.81,25,35.5,15,37,66,17,9.22,951,697,0.15,0.15,0.14,0
2018-08-05,2018,217,948,7.808,2.42,306,13.33,23.4,34.7,13.3,41,70,18,9.2,894,640,0.15,0.15,0.14,0
2018-08-06,2018,218,949,7.845,2.56,42,13.69,26.8,40.5,11,32,77,6,10.74,975,721,0.15,0.15,0.14,0
2018-08-07,2018,219,950,7.448,2.18,287,9.9,24.9,36.1,15.5,34,58,16,9.43,976,722,0.15,0.15,0.14,0
2018-08-08,2018,220,951,7.664,1.67,302,9.6,25.6,38.6,14.2,36,63,9,9.39,1004,750,0.14,0.15,0.14,0
2018-08-09,2018,221,952,7.158,1.46,289,7.29,26.8,38.4,16.1,37,66,14,8.53,1043,789,0.15,0.15,0.14,0
2018-08-10,2018,222,953,6.513,1.92,288,10.45,26.5,35,18.3,36,61,8,8.33,1015,761,0.14,0.15,0.14,0
2018-08-11,2018,223,954,6.89,1.89,299,10.26,24.3,32.6,16,49,71,28,7.86,909,655,0.14,0.15,0.14,0
2018-08-12,2018,224,955,7.076,1.73,283,8.33,23.6,33.9,15.3,52,78,33,7.87,922,668,0.14,0.14,0.14,0
2018-08-13,2018,225,956,7.125,1.65,250,7.84,21.9,31.7,13.7,62,88,31,7.2,833,579,0.14,0.14,0.14,0
2018-08-14,2018,226,957,7.188,1.73,281,7.68,19.3,29.6,11.1,66,90,38,6.97,727,473,0.14,0.14,0.14,0
2018-08-15,2018,227,958,7.046,1.71,267,8.13,19.9,31.1,11.1,65,93,36,7.14,762,508,0.14,0.14,0.14,0
2018-08-16,2018,228,959,7.099,1.63,304,7.71,22.3,33.3,11.6,58,91,31,7.52,823,569,0.14,0.14,0.14,0
2018-08-17,2018,229,960,7.003,1.82,273,8.53,22.9,33.5,13.9,57,83,30,7.82,881,627,0.14,0.14,0.14,0
2018-08-18,2018,230,961,7.109,1.82,299,9.08,22.6,32.1,13.8,58,83,36,7.56,847,593,0.14,0.14,0.14,0
2018-08-19,2018,231,962,7.175,2.02,291,10.45,21,32.4,11.2,59,87,16,7.99,794,540,0.14,0.14,0.14,0
2018-08-20,2018,232,963,7.131,1.74,250,8.04,19.1,31.2,10.1,68,89,36,7.31,741,487,0.14,0.14,0.14,0
2018-08-21,2018,233,964,6.979,1.67,290,7.09,17.8,29.1,9.7,75,99,44,6.56,683,429,0.14,0.14,0.14,0
2018-08-22,2018,234,965,6.918,1.9,307,8.56,17.4,29.4,10.5,74,98,38,6.8,708,454,0.14,0.14,0.14,0
2018-08-23,2018,235,966,6.916,1.79,306,7.68,17.2,29.5,9.3,73,98,35,6.77,683,429,0.14,0.14,0.14,0
2018-08-24,2018,236,967,6.616,1.86,306,8.43,16.8,27,9.9,73,98,41,6.13,642,388,0.14,0.14,0.14,0
2018-08-25,2018,237,968,6.605,1.79,293,7.68,16.8,28.1,8.7,73,98,40,6.36,637,383,0.14,0.14,0.14,0
2018-08-26,2018,238,969,6.657,1.84,297,9.41,16.4,28.2,8,72,96,33,6.54,624,370,0.14,0.14,0.13,0
2018-08-27,2018,239,970,6.523,1.99,313,7.78,15.9,27.4,7.9,73,99,35,6.4,603,349,0.14,0.14,0.13,0
2018-08-28,2018,240,971,6.317,2.13,314,8.59,17.3,25.7,10.5,71,90,45,5.97,624,370,0.14,0.14,0.13,0
2018-08-29,2018,241,972,6.428,2.04,316,8.72,17,27.9,9.6,69,96,32,6.42,655,401,0.13,0.14,0.13,0
2018-08-30,2018,242,973,6.262,2.19,312,10.65,17,28.6,7.8,70,95,37,6.67,629,375,0.13,0.14,0.13,0
2018-08-31,2018,243,974,6.576,2.55,294,12.9,19.1,30.2,10.9,67,92,34,7.01,738,484,0.13,0.14,0.13,0
2018-09-01,2018,244,975,6.253,2.01,259,10.39,17,28.8,9.5,73,98,38,6.49,673,419,0.13,0.14,0.13,0
