plot_id,ibutton_id,doy,date,time,am_pm,unit,value
751,290000003992BE21,035,2-4-16,3:43:00,AM,C,0.5
751,290000003992BE21,035,2-4-16,5:43:00,AM,C,-0.5
751,290000003992BE21,035,2-4-16,7:43:00,AM,C,0
751,290000003992BE21,035,2-4-16,9:43:00,AM,C,10
751,290000003992BE21,035,2-4-16,11:43:00,AM,C,17.5
751,290000003992BE21,035,2-4-16,1:43:00,PM,C,16
751,290000003992BE21,035,2-4-16,3:43:00,PM,C,16.5
751,290000003992BE21,035,2-4-16,5:43:00,PM,C,15.5
751,290000003992BE21,035,2-4-16,7:43:00,PM,C,8.5
751,290000003992BE21,035,2-4-16,9:43:00,PM,C,5.5
751,290000003992BE21,035,2-4-16,11:43:00,PM,C,3.5
751,290000003992BE21,036,2-5-16,1:43:00,AM,C,2.5
751,290000003992BE21,036,2-5-16,3:43:00,AM,C,1.5
751,290000003992BE21,036,2-5-16,5:43:00,AM,C,0.5
751,290000003992BE21,036,2-5-16,7:43:00,AM,C,0.5
751,290000003992BE21,036,2-5-16,9:43:00,AM,C,13.5
751,290000003992BE21,036,2-5-16,11:43:00,AM,C,21.5
751,290000003992BE21,036,2-5-16,1:43:00,PM,C,20
751,290000003992BE21,036,2-5-16,3:43:00,PM,C,20
751,290000003992BE21,036,2-5-16,5:43:00,PM,C,17.5
751,290000003992BE21,036,2-5-16,7:43:00,PM,C,17
751,290000003992BE21,036,2-5-16,9:43:00,PM,C,16.5
751,290000003992BE21,036,2-5-16,11:43:00,PM,C,18.5
751,290000003992BE21,037,2-6-16,1:43:00,AM,C,19
751,290000003992BE21,037,2-6-16,3:43:00,AM,C,19
751,290000003992BE21,037,2-6-16,5:43:00,AM,C,19.5
751,290000003992BE21,037,2-6-16,7:43:00,AM,C,13
751,290000003992BE21,037,2-6-16,9:43:00,AM,C,24
751,290000003992BE21,037,2-6-16,11:43:00,AM,C,26
751,290000003992BE21,037,2-6-16,1:43:00,PM,C,27.5
751,290000003992BE21,037,2-6-16,3:43:00,PM,C,25
751,290000003992BE21,037,2-6-16,5:43:00,PM,C,16
751,290000003992BE21,037,2-6-16,7:43:00,PM,C,14.5
751,290000003992BE21,037,2-6-16,9:43:00,PM,C,9.5
751,290000003992BE21,037,2-6-16,11:43:00,PM,C,13
751,290000003992BE21,038,2-7-16,1:43:00,AM,C,9.5
751,290000003992BE21,038,2-7-16,3:43:00,AM,C,9.5
751,290000003992BE21,038,2-7-16,5:43:00,AM,C,9.5
751,290000003992BE21,038,2-7-16,7:43:00,AM,C,11
751,290000003992BE21,038,2-7-16,9:43:00,AM,C,25.5
751,290000003992BE21,038,2-7-16,11:43:00,AM,C,28.5
751,290000003992BE21,038,2-7-16,1:43:00,PM,C,30.5
751,290000003992BE21,038,2-7-16,3:43:00,PM,C,28.5
751,290000003992BE21,038,2-7-16,5:43:00,PM,C,16
751,290000003992BE21,038,2-7-16,7:43:00,PM,C,12
751,290000003992BE21,038,2-7-16,9:43:00,PM,C,11
751,290000003992BE21,038,2-7-16,11:43:00,PM,C,14.5
751,290000003992BE21,039,2-8-16,1:43:00,AM,C,14
751,290000003992BE21,039,2-8-16,3:43:00,AM,C,14.5
751,290000003992BE21,039,2-8-16,5:43:00,AM,C,10
751,290000003992BE21,039,2-8-16,7:43:00,AM,C,14.5
751,290000003992BE21,039,2-8-16,9:43:00,AM,C,26
751,290000003992BE21,039,2-8-16,11:43:00,AM,C,29.5
751,290000003992BE21,039,2-8-16,1:43:00,PM,C,32
751,290000003992BE21,039,2-8-16,3:43:00,PM,C,30
751,290000003992BE21,039,2-8-16,5:43:00,PM,C,17.5
751,290000003992BE21,039,2-8-16,7:43:00,PM,C,14.5
751,290000003992BE21,039,2-8-16,9:43:00,PM,C,13.5
751,290000003992BE21,039,2-8-16,11:43:00,PM,C,10.5
751,290000003992BE21,040,2-9-16,1:43:00,AM,C,10
751,290000003992BE21,040,2-9-16,3:43:00,AM,C,10.5
751,290000003992BE21,040,2-9-16,5:43:00,AM,C,8.5
751,290000003992BE21,040,2-9-16,7:43:00,AM,C,9.5
751,290000003992BE21,040,2-9-16,9:43:00,AM,C,27
751,290000003992BE21,040,2-9-16,11:43:00,AM,C,30
751,290000003992BE21,040,2-9-16,1:43:00,PM,C,32.5
751,290000003992BE21,040,2-9-16,3:43:00,PM,C,27
751,290000003992BE21,040,2-9-16,5:43:00,PM,C,17
751,290000003992BE21,040,2-9-16,7:43:00,PM,C,15
751,290000003992BE21,040,2-9-16,9:43:00,PM,C,11.5
751,290000003992BE21,040,2-9-16,11:43:00,PM,C,12
751,290000003992BE21,041,2-10-16,1:43:00,AM,C,13.5
751,290000003992BE21,041,2-10-16,3:43:00,AM,C,15.5
751,290000003992BE21,041,2-10-16,5:43:00,AM,C,16
751,290000003992BE21,041,2-10-16,7:43:00,AM,C,15
751,290000003992BE21,041,2-10-16,9:43:00,AM,C,28
751,290000003992BE21,041,2-10-16,11:43:00,AM,C,30.5
751,290000003992BE21,041,2-10-16,1:43:00,PM,C,31.5
751,290000003992BE21,041,2-10-16,3:43:00,PM,C,31
751,290000003992BE21,041,2-10-16,5:43:00,PM,C,18
751,290000003992BE21,041,2-10-16,7:43:00,PM,C,12.5
751,290000003992BE21,041,2-10-16,9:43:00,PM,C,12
751,290000003992BE21,041,2-10-16,11:43:00,PM,C,11.5
751,290000003992BE21,042,2-11-16,1:43:00,AM,C,11
751,290000003992BE21,042,2-11-16,3:43:00,AM,C,11
751,290000003992BE21,042,2-11-16,5:43:00,AM,C,10
751,290000003992BE21,042,2-11-16,7:43:00,AM,C,12.5
751,290000003992BE21,042,2-11-16,9:43:00,AM,C,27
751,290000003992BE21,042,2-11-16,11:43:00,AM,C,30.5
751,290000003992BE21,042,2-11-16,1:43:00,PM,C,32.5
751,290000003992BE21,042,2-11-16,3:43:00,PM,C,30.5
751,290000003992BE21,042,2-11-16,5:43:00,PM,C,17.5
751,290000003992BE21,042,2-11-16,7:43:00,PM,C,12.5
751,290000003992BE21,042,2-11-16,9:43:00,PM,C,11.5
751,290000003992BE21,042,2-11-16,11:43:00,PM,C,11
751,290000003992BE21,043,2-12-16,1:43:00,AM,C,12
751,290000003992BE21,043,2-12-16,3:43:00,AM,C,13.5
751,290000003992BE21,043,2-12-16,5:43:00,AM,C,12.5
751,290000003992BE21,043,2-12-16,7:43:00,AM,C,15.5
751,290000003992BE21,043,2-12-16,9:43:00,AM,C,24.5
751,290000003992BE21,043,2-12-16,11:43:00,AM,C,29.5
751,290000003992BE21,043,2-12-16,1:43:00,PM,C,31.5
751,290000003992BE21,043,2-12-16,3:43:00,PM,C,30.5
751,290000003992BE21,043,2-12-16,5:43:00,PM,C,17.5
751,290000003992BE21,043,2-12-16,7:43:00,PM,C,12.5
751,290000003992BE21,043,2-12-16,9:43:00,PM,C,11
751,290000003992BE21,043,2-12-16,11:43:00,PM,C,14
751,290000003992BE21,044,2-13-16,1:43:00,AM,C,15
751,290000003992BE21,044,2-13-16,3:43:00,AM,C,17
751,290000003992BE21,044,2-13-16,5:43:00,AM,C,15.5
751,290000003992BE21,044,2-13-16,7:43:00,AM,C,15.5
751,290000003992BE21,044,2-13-16,9:43:00,AM,C,25
751,290000003992BE21,044,2-13-16,11:43:00,AM,C,28.5
751,290000003992BE21,044,2-13-16,1:43:00,PM,C,30.5
751,290000003992BE21,044,2-13-16,3:43:00,PM,C,29.5
751,290000003992BE21,044,2-13-16,5:43:00,PM,C,18.5
751,290000003992BE21,044,2-13-16,7:43:00,PM,C,16.5
751,290000003992BE21,044,2-13-16,9:43:00,PM,C,15.5
751,290000003992BE21,044,2-13-16,11:43:00,PM,C,16
751,290000003992BE21,045,2-14-16,1:43:00,AM,C,15.5
751,290000003992BE21,045,2-14-16,3:43:00,AM,C,16
751,290000003992BE21,045,2-14-16,5:43:00,AM,C,15.5
751,290000003992BE21,045,2-14-16,7:43:00,AM,C,16
751,290000003992BE21,045,2-14-16,9:43:00,AM,C,23
751,290000003992BE21,045,2-14-16,11:43:00,AM,C,26
751,290000003992BE21,045,2-14-16,1:43:00,PM,C,27.5
751,290000003992BE21,045,2-14-16,3:43:00,PM,C,23.5
751,290000003992BE21,045,2-14-16,5:43:00,PM,C,17
751,290000003992BE21,045,2-14-16,7:43:00,PM,C,16.5
751,290000003992BE21,045,2-14-16,9:43:00,PM,C,17
751,290000003992BE21,045,2-14-16,11:43:00,PM,C,15.5
751,290000003992BE21,046,2-15-16,1:43:00,AM,C,13.5
751,290000003992BE21,046,2-15-16,3:43:00,AM,C,15.5
751,290000003992BE21,046,2-15-16,5:43:00,AM,C,10.5
751,290000003992BE21,046,2-15-16,7:43:00,AM,C,11.5
751,290000003992BE21,046,2-15-16,9:43:00,AM,C,29
751,290000003992BE21,046,2-15-16,11:43:00,AM,C,32
751,290000003992BE21,046,2-15-16,1:43:00,PM,C,34
751,290000003992BE21,046,2-15-16,3:43:00,PM,C,32
751,290000003992BE21,046,2-15-16,5:43:00,PM,C,19.5
751,290000003992BE21,046,2-15-16,7:43:00,PM,C,20
751,290000003992BE21,046,2-15-16,9:43:00,PM,C,13.5
751,290000003992BE21,046,2-15-16,11:43:00,PM,C,13.5
751,290000003992BE21,047,2-16-16,1:43:00,AM,C,14
751,290000003992BE21,047,2-16-16,3:43:00,AM,C,14.5
751,290000003992BE21,047,2-16-16,5:43:00,AM,C,11
751,290000003992BE21,047,2-16-16,7:43:00,AM,C,13.5
751,290000003992BE21,047,2-16-16,9:43:00,AM,C,28.5
751,290000003992BE21,047,2-16-16,11:43:00,AM,C,31.5
751,290000003992BE21,047,2-16-16,1:43:00,PM,C,33.5
751,290000003992BE21,047,2-16-16,3:43:00,PM,C,31.5
751,290000003992BE21,047,2-16-16,5:43:00,PM,C,18.5
751,290000003992BE21,047,2-16-16,7:43:00,PM,C,14
751,290000003992BE21,047,2-16-16,9:43:00,PM,C,14
751,290000003992BE21,047,2-16-16,11:43:00,PM,C,16
751,290000003992BE21,048,2-17-16,1:43:00,AM,C,13
751,290000003992BE21,048,2-17-16,3:43:00,AM,C,14.5
751,290000003992BE21,048,2-17-16,5:43:00,AM,C,14
751,290000003992BE21,048,2-17-16,7:43:00,AM,C,15
751,290000003992BE21,048,2-17-16,9:43:00,AM,C,17
751,290000003992BE21,048,2-17-16,11:43:00,AM,C,15.5
751,290000003992BE21,048,2-17-16,1:43:00,PM,C,13
751,290000003992BE21,048,2-17-16,3:43:00,PM,C,14
751,290000003992BE21,048,2-17-16,5:43:00,PM,C,9.5
751,290000003992BE21,048,2-17-16,7:43:00,PM,C,10
751,290000003992BE21,048,2-17-16,9:43:00,PM,C,9.5
751,290000003992BE21,048,2-17-16,11:43:00,PM,C,10
751,290000003992BE21,049,2-18-16,1:43:00,AM,C,10
751,290000003992BE21,049,2-18-16,3:43:00,AM,C,8.5
751,290000003992BE21,049,2-18-16,5:43:00,AM,C,8
751,290000003992BE21,049,2-18-16,7:43:00,AM,C,7
751,290000003992BE21,049,2-18-16,9:43:00,AM,C,14.5
751,290000003992BE21,049,2-18-16,11:43:00,AM,C,18.5
751,290000003992BE21,049,2-18-16,1:43:00,PM,C,20.5
751,290000003992BE21,049,2-18-16,3:43:00,PM,C,21
751,290000003992BE21,049,2-18-16,5:43:00,PM,C,11.5
751,290000003992BE21,049,2-18-16,7:43:00,PM,C,8
751,290000003992BE21,049,2-18-16,9:43:00,PM,C,7.5
751,290000003992BE21,049,2-18-16,11:43:00,PM,C,6.5
751,290000003992BE21,050,2-19-16,1:43:00,AM,C,6
751,290000003992BE21,050,2-19-16,3:43:00,AM,C,5.5
751,290000003992BE21,050,2-19-16,5:43:00,AM,C,5
751,290000003992BE21,050,2-19-16,7:43:00,AM,C,7
751,290000003992BE21,050,2-19-16,9:43:00,AM,C,15
751,290000003992BE21,050,2-19-16,11:43:00,AM,C,19.5
751,290000003992BE21,050,2-19-16,1:43:00,PM,C,20.5
751,290000003992BE21,050,2-19-16,3:43:00,PM,C,19
751,290000003992BE21,050,2-19-16,5:43:00,PM,C,11.5
751,290000003992BE21,050,2-19-16,7:43:00,PM,C,9
751,290000003992BE21,050,2-19-16,9:43:00,PM,C,6.5
751,290000003992BE21,050,2-19-16,11:43:00,PM,C,7.5
751,290000003992BE21,051,2-20-16,1:43:00,AM,C,8.5
751,290000003992BE21,051,2-20-16,3:43:00,AM,C,5
751,290000003992BE21,051,2-20-16,5:43:00,AM,C,4
751,290000003992BE21,051,2-20-16,7:43:00,AM,C,4.5
751,290000003992BE21,051,2-20-16,9:43:00,AM,C,17
751,290000003992BE21,051,2-20-16,11:43:00,AM,C,21.5
751,290000003992BE21,051,2-20-16,1:43:00,PM,C,24.5
751,290000003992BE21,051,2-20-16,3:43:00,PM,C,25
751,290000003992BE21,051,2-20-16,5:43:00,PM,C,15
751,290000003992BE21,051,2-20-16,7:43:00,PM,C,10.5
751,290000003992BE21,051,2-20-16,9:43:00,PM,C,9
751,290000003992BE21,051,2-20-16,11:43:00,PM,C,8
751,290000003992BE21,052,2-21-16,1:43:00,AM,C,5.5
751,290000003992BE21,052,2-21-16,3:43:00,AM,C,4.5
751,290000003992BE21,052,2-21-16,5:43:00,AM,C,6.5
751,290000003992BE21,052,2-21-16,7:43:00,AM,C,12
751,290000003992BE21,052,2-21-16,9:43:00,AM,C,21.5
751,290000003992BE21,052,2-21-16,11:43:00,AM,C,25
751,290000003992BE21,052,2-21-16,1:43:00,PM,C,28
751,290000003992BE21,052,2-21-16,3:43:00,PM,C,25.5
751,290000003992BE21,052,2-21-16,5:43:00,PM,C,17
751,290000003992BE21,052,2-21-16,7:43:00,PM,C,15
751,290000003992BE21,052,2-21-16,9:43:00,PM,C,14.5
751,290000003992BE21,052,2-21-16,11:43:00,PM,C,13
751,290000003992BE21,053,2-22-16,1:43:00,AM,C,13.5
751,290000003992BE21,053,2-22-16,3:43:00,AM,C,13
751,290000003992BE21,053,2-22-16,5:43:00,AM,C,12.5
751,290000003992BE21,053,2-22-16,7:43:00,AM,C,15
751,290000003992BE21,053,2-22-16,9:43:00,AM,C,22
751,290000003992BE21,053,2-22-16,11:43:00,AM,C,25.5
751,290000003992BE21,053,2-22-16,1:43:00,PM,C,27.5
751,290000003992BE21,053,2-22-16,3:43:00,PM,C,26
751,290000003992BE21,053,2-22-16,5:43:00,PM,C,17.5
751,290000003992BE21,053,2-22-16,7:43:00,PM,C,16
751,290000003992BE21,053,2-22-16,9:43:00,PM,C,15.5
751,290000003992BE21,053,2-22-16,11:43:00,PM,C,15.5
751,290000003992BE21,054,2-23-16,1:43:00,AM,C,9.5
751,290000003992BE21,054,2-23-16,3:43:00,AM,C,9
751,290000003992BE21,054,2-23-16,5:43:00,AM,C,10
751,290000003992BE21,054,2-23-16,7:43:00,AM,C,11.5
751,290000003992BE21,054,2-23-16,9:43:00,AM,C,22.5
751,290000003992BE21,054,2-23-16,11:43:00,AM,C,26.5
751,290000003992BE21,054,2-23-16,1:43:00,PM,C,29.5
751,290000003992BE21,054,2-23-16,3:43:00,PM,C,29.5
751,290000003992BE21,054,2-23-16,5:43:00,PM,C,17
751,290000003992BE21,054,2-23-16,7:43:00,PM,C,12
751,290000003992BE21,054,2-23-16,9:43:00,PM,C,11
751,290000003992BE21,054,2-23-16,11:43:00,PM,C,8.5
751,290000003992BE21,055,2-24-16,1:43:00,AM,C,9
751,290000003992BE21,055,2-24-16,3:43:00,AM,C,9
751,290000003992BE21,055,2-24-16,5:43:00,AM,C,6.5
751,290000003992BE21,055,2-24-16,7:43:00,AM,C,8.5
751,290000003992BE21,055,2-24-16,9:43:00,AM,C,23
751,290000003992BE21,055,2-24-16,11:43:00,AM,C,27
751,290000003992BE21,055,2-24-16,1:43:00,PM,C,30
751,290000003992BE21,055,2-24-16,3:43:00,PM,C,28
751,290000003992BE21,055,2-24-16,5:43:00,PM,C,16.5
751,290000003992BE21,055,2-24-16,7:43:00,PM,C,13
751,290000003992BE21,055,2-24-16,9:43:00,PM,C,9.5
751,290000003992BE21,055,2-24-16,11:43:00,PM,C,8.5
751,290000003992BE21,056,2-25-16,1:43:00,AM,C,10
751,290000003992BE21,056,2-25-16,3:43:00,AM,C,9.5
751,290000003992BE21,056,2-25-16,5:43:00,AM,C,9.5
751,290000003992BE21,056,2-25-16,7:43:00,AM,C,9.5
751,290000003992BE21,056,2-25-16,9:43:00,AM,C,23.5
751,290000003992BE21,056,2-25-16,11:43:00,AM,C,28
751,290000003992BE21,056,2-25-16,1:43:00,PM,C,30.5
751,290000003992BE21,056,2-25-16,3:43:00,PM,C,29
751,290000003992BE21,056,2-25-16,5:43:00,PM,C,17.5
751,290000003992BE21,056,2-25-16,7:43:00,PM,C,12.5
751,290000003992BE21,056,2-25-16,9:43:00,PM,C,11.5
751,290000003992BE21,056,2-25-16,11:43:00,PM,C,10.5
751,290000003992BE21,057,2-26-16,1:43:00,AM,C,11.5
751,290000003992BE21,057,2-26-16,3:43:00,AM,C,10.5
751,290000003992BE21,057,2-26-16,5:43:00,AM,C,9
751,290000003992BE21,057,2-26-16,7:43:00,AM,C,11
751,290000003992BE21,057,2-26-16,9:43:00,AM,C,23
751,290000003992BE21,057,2-26-16,11:43:00,AM,C,27
751,290000003992BE21,057,2-26-16,1:43:00,PM,C,29
751,290000003992BE21,057,2-26-16,3:43:00,PM,C,25
751,290000003992BE21,057,2-26-16,5:43:00,PM,C,16.5
751,290000003992BE21,057,2-26-16,7:43:00,PM,C,14
751,290000003992BE21,057,2-26-16,9:43:00,PM,C,13.5
751,290000003992BE21,057,2-26-16,11:43:00,PM,C,11
751,290000003992BE21,058,2-27-16,1:43:00,AM,C,12
751,290000003992BE21,058,2-27-16,3:43:00,AM,C,13.5
751,290000003992BE21,058,2-27-16,5:43:00,AM,C,12.5
751,290000003992BE21,058,2-27-16,7:43:00,AM,C,12.5
751,290000003992BE21,058,2-27-16,9:43:00,AM,C,23.5
751,290000003992BE21,058,2-27-16,11:43:00,AM,C,29
751,290000003992BE21,058,2-27-16,1:43:00,PM,C,32
751,290000003992BE21,058,2-27-16,3:43:00,PM,C,30
751,290000003992BE21,058,2-27-16,5:43:00,PM,C,19.5
751,290000003992BE21,058,2-27-16,7:43:00,PM,C,16.5
751,290000003992BE21,058,2-27-16,9:43:00,PM,C,16.5
751,290000003992BE21,058,2-27-16,11:43:00,PM,C,16
751,290000003992BE21,059,2-28-16,1:43:00,AM,C,15.5
751,290000003992BE21,059,2-28-16,3:43:00,AM,C,15.5
751,290000003992BE21,059,2-28-16,5:43:00,AM,C,15.5
751,290000003992BE21,059,2-28-16,7:43:00,AM,C,16.5
751,290000003992BE21,059,2-28-16,9:43:00,AM,C,25
751,290000003992BE21,059,2-28-16,11:43:00,AM,C,28
751,290000003992BE21,059,2-28-16,1:43:00,PM,C,30
751,290000003992BE21,059,2-28-16,3:43:00,PM,C,26.5
751,290000003992BE21,059,2-28-16,5:43:00,PM,C,19.5
751,290000003992BE21,059,2-28-16,7:43:00,PM,C,17
751,290000003992BE21,059,2-28-16,9:43:00,PM,C,17
751,290000003992BE21,059,2-28-16,11:43:00,PM,C,16.5
751,290000003992BE21,060,2-29-16,1:43:00,AM,C,16.5
751,290000003992BE21,060,2-29-16,3:43:00,AM,C,16.5
751,290000003992BE21,060,2-29-16,5:43:00,AM,C,16
751,290000003992BE21,060,2-29-16,7:43:00,AM,C,17
751,290000003992BE21,060,2-29-16,9:43:00,AM,C,26
751,290000003992BE21,060,2-29-16,11:43:00,AM,C,31
751,290000003992BE21,060,2-29-16,1:43:00,PM,C,32.5
751,290000003992BE21,060,2-29-16,3:43:00,PM,C,31.5
751,290000003992BE21,060,2-29-16,5:43:00,PM,C,20
751,290000003992BE21,060,2-29-16,7:43:00,PM,C,17.5
751,290000003992BE21,060,2-29-16,9:43:00,PM,C,17.5
751,290000003992BE21,060,2-29-16,11:43:00,PM,C,13
751,290000003992BE21,061,3-1-16,1:43:00,AM,C,12
751,290000003992BE21,061,3-1-16,3:43:00,AM,C,11
751,290000003992BE21,061,3-1-16,5:43:00,AM,C,10
751,290000003992BE21,061,3-1-16,7:43:00,AM,C,12
751,290000003992BE21,061,3-1-16,9:43:00,AM,C,25.5
751,290000003992BE21,061,3-1-16,11:43:00,AM,C,30
751,290000003992BE21,061,3-1-16,1:43:00,PM,C,31
751,290000003992BE21,061,3-1-16,3:43:00,PM,C,29
751,290000003992BE21,061,3-1-16,5:43:00,PM,C,19.5
751,290000003992BE21,061,3-1-16,7:43:00,PM,C,15
751,290000003992BE21,061,3-1-16,9:43:00,PM,C,13
751,290000003992BE21,061,3-1-16,11:43:00,PM,C,10
751,290000003992BE21,062,3-2-16,1:43:00,AM,C,13.5
751,290000003992BE21,062,3-2-16,3:43:00,AM,C,10
751,290000003992BE21,062,3-2-16,5:43:00,AM,C,9.5
751,290000003992BE21,062,3-2-16,7:43:00,AM,C,10.5
751,290000003992BE21,062,3-2-16,9:43:00,AM,C,24.5
751,290000003992BE21,062,3-2-16,11:43:00,AM,C,29.5
751,290000003992BE21,062,3-2-16,1:43:00,PM,C,31.5
751,290000003992BE21,062,3-2-16,3:43:00,PM,C,26
751,290000003992BE21,062,3-2-16,5:43:00,PM,C,18
751,290000003992BE21,062,3-2-16,7:43:00,PM,C,12
751,290000003992BE21,062,3-2-16,9:43:00,PM,C,9.5
751,290000003992BE21,062,3-2-16,11:43:00,PM,C,8.5
751,290000003992BE21,063,3-3-16,1:43:00,AM,C,8
751,290000003992BE21,063,3-3-16,3:43:00,AM,C,8
751,290000003992BE21,063,3-3-16,5:43:00,AM,C,6.5
751,290000003992BE21,063,3-3-16,7:43:00,AM,C,13.5
751,290000003992BE21,063,3-3-16,9:43:00,AM,C,18
751,290000003992BE21,063,3-3-16,11:43:00,AM,C,23
751,290000003992BE21,063,3-3-16,1:43:00,PM,C,23.5
751,290000003992BE21,063,3-3-16,3:43:00,PM,C,23
751,290000003992BE21,063,3-3-16,5:43:00,PM,C,16
751,290000003992BE21,063,3-3-16,7:43:00,PM,C,11.5
751,290000003992BE21,063,3-3-16,9:43:00,PM,C,10
751,290000003992BE21,063,3-3-16,11:43:00,PM,C,9.5
751,290000003992BE21,064,3-4-16,1:43:00,AM,C,8.5
751,290000003992BE21,064,3-4-16,3:43:00,AM,C,7.5
751,290000003992BE21,064,3-4-16,5:43:00,AM,C,7.5
751,290000003992BE21,064,3-4-16,7:43:00,AM,C,11.5
751,290000003992BE21,064,3-4-16,9:43:00,AM,C,19.5
751,290000003992BE21,064,3-4-16,11:43:00,AM,C,24
751,290000003992BE21,064,3-4-16,1:43:00,PM,C,23.5
751,290000003992BE21,064,3-4-16,3:43:00,PM,C,20
751,290000003992BE21,064,3-4-16,5:43:00,PM,C,16
751,290000003992BE21,064,3-4-16,7:43:00,PM,C,14.5
751,290000003992BE21,064,3-4-16,9:43:00,PM,C,13.5
751,290000003992BE21,064,3-4-16,11:43:00,PM,C,13
751,290000003992BE21,065,3-5-16,1:43:00,AM,C,12.5
751,290000003992BE21,065,3-5-16,3:43:00,AM,C,12.5
751,290000003992BE21,065,3-5-16,5:43:00,AM,C,13
751,290000003992BE21,065,3-5-16,7:43:00,AM,C,13
751,290000003992BE21,065,3-5-16,9:43:00,AM,C,14.5
751,290000003992BE21,065,3-5-16,11:43:00,AM,C,20
751,290000003992BE21,065,3-5-16,1:43:00,PM,C,18.5
751,290000003992BE21,065,3-5-16,3:43:00,PM,C,14.5
751,290000003992BE21,065,3-5-16,5:43:00,PM,C,12.5
751,290000003992BE21,065,3-5-16,7:43:00,PM,C,12
751,290000003992BE21,065,3-5-16,9:43:00,PM,C,10.5
751,290000003992BE21,065,3-5-16,11:43:00,PM,C,10
751,290000003992BE21,066,3-6-16,1:43:00,AM,C,10
751,290000003992BE21,066,3-6-16,3:43:00,AM,C,9.5
751,290000003992BE21,066,3-6-16,5:43:00,AM,C,9
751,290000003992BE21,066,3-6-16,7:43:00,AM,C,8
751,290000003992BE21,066,3-6-16,9:43:00,AM,C,14
751,290000003992BE21,066,3-6-16,11:43:00,AM,C,16.5
751,290000003992BE21,066,3-6-16,1:43:00,PM,C,17
751,290000003992BE21,066,3-6-16,3:43:00,PM,C,18.5
751,290000003992BE21,066,3-6-16,5:43:00,PM,C,11.5
751,290000003992BE21,066,3-6-16,7:43:00,PM,C,8.5
751,290000003992BE21,066,3-6-16,9:43:00,PM,C,7
751,290000003992BE21,066,3-6-16,11:43:00,PM,C,7
751,290000003992BE21,067,3-7-16,1:43:00,AM,C,7.5
751,290000003992BE21,067,3-7-16,3:43:00,AM,C,7
751,290000003992BE21,067,3-7-16,5:43:00,AM,C,4.5
751,290000003992BE21,067,3-7-16,7:43:00,AM,C,3.5
751,290000003992BE21,067,3-7-16,9:43:00,AM,C,9.5
751,290000003992BE21,067,3-7-16,11:43:00,AM,C,7
751,290000003992BE21,067,3-7-16,1:43:00,PM,C,11
751,290000003992BE21,067,3-7-16,3:43:00,PM,C,10
751,290000003992BE21,067,3-7-16,5:43:00,PM,C,6
751,290000003992BE21,067,3-7-16,7:43:00,PM,C,5
751,290000003992BE21,067,3-7-16,9:43:00,PM,C,5
751,290000003992BE21,067,3-7-16,11:43:00,PM,C,5.5
751,290000003992BE21,068,3-8-16,1:43:00,AM,C,5.5
751,290000003992BE21,068,3-8-16,3:43:00,AM,C,5
751,290000003992BE21,068,3-8-16,5:43:00,AM,C,4.5
751,290000003992BE21,068,3-8-16,7:43:00,AM,C,6.5
751,290000003992BE21,068,3-8-16,9:43:00,AM,C,13.5
751,290000003992BE21,068,3-8-16,11:43:00,AM,C,20
751,290000003992BE21,068,3-8-16,1:43:00,PM,C,22
751,290000003992BE21,068,3-8-16,3:43:00,PM,C,20.5
751,290000003992BE21,068,3-8-16,5:43:00,PM,C,13
751,290000003992BE21,068,3-8-16,7:43:00,PM,C,10
751,290000003992BE21,068,3-8-16,9:43:00,PM,C,9.5
751,290000003992BE21,068,3-8-16,11:43:00,PM,C,9.5
751,290000003992BE21,069,3-9-16,1:43:00,AM,C,8.5
751,290000003992BE21,069,3-9-16,3:43:00,AM,C,8.5
751,290000003992BE21,069,3-9-16,5:43:00,AM,C,8
751,290000003992BE21,069,3-9-16,7:43:00,AM,C,11
751,290000003992BE21,069,3-9-16,9:43:00,AM,C,19
751,290000003992BE21,069,3-9-16,11:43:00,AM,C,23.5
751,290000003992BE21,069,3-9-16,1:43:00,PM,C,27.5
751,290000003992BE21,069,3-9-16,3:43:00,PM,C,25
751,290000003992BE21,069,3-9-16,5:43:00,PM,C,17.5
751,290000003992BE21,069,3-9-16,7:43:00,PM,C,13.5
751,290000003992BE21,069,3-9-16,9:43:00,PM,C,12.5
751,290000003992BE21,069,3-9-16,11:43:00,PM,C,11.5
751,290000003992BE21,070,3-10-16,1:43:00,AM,C,11
751,290000003992BE21,070,3-10-16,3:43:00,AM,C,10
751,290000003992BE21,070,3-10-16,5:43:00,AM,C,8.5
751,290000003992BE21,070,3-10-16,7:43:00,AM,C,11
751,290000003992BE21,070,3-10-16,9:43:00,AM,C,20
751,290000003992BE21,070,3-10-16,11:43:00,AM,C,25
751,290000003992BE21,070,3-10-16,1:43:00,PM,C,27.5
751,290000003992BE21,070,3-10-16,3:43:00,PM,C,25
751,290000003992BE21,070,3-10-16,5:43:00,PM,C,18.5
751,290000003992BE21,070,3-10-16,7:43:00,PM,C,14
751,290000003992BE21,070,3-10-16,9:43:00,PM,C,12
751,290000003992BE21,070,3-10-16,11:43:00,PM,C,10.5
751,290000003992BE21,071,3-11-16,1:43:00,AM,C,10.5
751,290000003992BE21,071,3-11-16,3:43:00,AM,C,10.5
751,290000003992BE21,071,3-11-16,5:43:00,AM,C,10
751,290000003992BE21,071,3-11-16,7:43:00,AM,C,10.5
751,290000003992BE21,071,3-11-16,9:43:00,AM,C,9.5
751,290000003992BE21,071,3-11-16,11:43:00,AM,C,9
751,290000003992BE21,071,3-11-16,1:43:00,PM,C,9.5
751,290000003992BE21,071,3-11-16,3:43:00,PM,C,10
751,290000003992BE21,071,3-11-16,5:43:00,PM,C,8.5
751,290000003992BE21,071,3-11-16,7:43:00,PM,C,7
751,290000003992BE21,071,3-11-16,9:43:00,PM,C,6
751,290000003992BE21,071,3-11-16,11:43:00,PM,C,6
751,290000003992BE21,072,3-12-16,1:43:00,AM,C,5.5
751,290000003992BE21,072,3-12-16,3:43:00,AM,C,4.5
751,290000003992BE21,072,3-12-16,5:43:00,AM,C,4.5
751,290000003992BE21,072,3-12-16,7:43:00,AM,C,6.5
751,290000003992BE21,072,3-12-16,9:43:00,AM,C,14.5
751,290000003992BE21,072,3-12-16,11:43:00,AM,C,20
751,290000003992BE21,072,3-12-16,1:43:00,PM,C,20.5
751,290000003992BE21,072,3-12-16,3:43:00,PM,C,19.5
751,290000003992BE21,072,3-12-16,5:43:00,PM,C,13
751,290000003992BE21,072,3-12-16,7:43:00,PM,C,9
751,290000003992BE21,072,3-12-16,9:43:00,PM,C,8
751,290000003992BE21,072,3-12-16,11:43:00,PM,C,7.5
751,290000003992BE21,073,3-13-16,1:43:00,AM,C,7
751,290000003992BE21,073,3-13-16,4:43:00,AM,C,8
751,290000003992BE21,073,3-13-16,6:43:00,AM,C,7.5
751,290000003992BE21,073,3-13-16,8:43:00,AM,C,10.5
751,290000003992BE21,073,3-13-16,10:43:00,AM,C,14.5
751,290000003992BE21,073,3-13-16,12:43:00,PM,C,14.5
751,290000003992BE21,073,3-13-16,2:43:00,PM,C,17
751,290000003992BE21,073,3-13-16,4:43:00,PM,C,15.5
751,290000003992BE21,073,3-13-16,6:43:00,PM,C,13
751,290000003992BE21,073,3-13-16,8:43:00,PM,C,12
751,290000003992BE21,073,3-13-16,10:43:00,PM,C,11.5
751,290000003992BE21,074,3-14-16,12:43:00,AM,C,11
751,290000003992BE21,074,3-14-16,2:43:00,AM,C,11
751,290000003992BE21,074,3-14-16,4:43:00,AM,C,11
751,290000003992BE21,074,3-14-16,6:43:00,AM,C,10.5
751,290000003992BE21,074,3-14-16,8:43:00,AM,C,12.5
751,290000003992BE21,074,3-14-16,10:43:00,AM,C,18.5
751,290000003992BE21,074,3-14-16,12:43:00,PM,C,23
751,290000003992BE21,074,3-14-16,2:43:00,PM,C,24.5
751,290000003992BE21,074,3-14-16,4:43:00,PM,C,20
751,290000003992BE21,074,3-14-16,6:43:00,PM,C,15
751,290000003992BE21,074,3-14-16,8:43:00,PM,C,12
751,290000003992BE21,074,3-14-16,10:43:00,PM,C,10.5
751,290000003992BE21,075,3-15-16,12:43:00,AM,C,10
751,290000003992BE21,075,3-15-16,2:43:00,AM,C,9
751,290000003992BE21,075,3-15-16,4:43:00,AM,C,9.5
751,290000003992BE21,075,3-15-16,6:43:00,AM,C,8
751,290000003992BE21,075,3-15-16,8:43:00,AM,C,11
751,290000003992BE21,075,3-15-16,10:43:00,AM,C,18
751,290000003992BE21,075,3-15-16,12:43:00,PM,C,23.5
751,290000003992BE21,075,3-15-16,2:43:00,PM,C,27.5
751,290000003992BE21,075,3-15-16,4:43:00,PM,C,25
751,290000003992BE21,075,3-15-16,6:43:00,PM,C,16.5
751,290000003992BE21,075,3-15-16,8:43:00,PM,C,13.5
751,290000003992BE21,075,3-15-16,10:43:00,PM,C,13
751,290000003992BE21,076,3-16-16,12:43:00,AM,C,13
751,290000003992BE21,076,3-16-16,2:43:00,AM,C,13.5
751,290000003992BE21,076,3-16-16,4:43:00,AM,C,13
751,290000003992BE21,076,3-16-16,6:43:00,AM,C,12
751,290000003992BE21,076,3-16-16,8:43:00,AM,C,13
751,290000003992BE21,076,3-16-16,10:43:00,AM,C,22
751,290000003992BE21,076,3-16-16,12:43:00,PM,C,26.5
751,290000003992BE21,076,3-16-16,2:43:00,PM,C,29.5
751,290000003992BE21,076,3-16-16,4:43:00,PM,C,28.5
751,290000003992BE21,076,3-16-16,6:43:00,PM,C,21.5
751,290000003992BE21,076,3-16-16,8:43:00,PM,C,16.5
751,290000003992BE21,076,3-16-16,10:43:00,PM,C,15.5
751,290000003992BE21,077,3-17-16,12:43:00,AM,C,14.5
751,290000003992BE21,077,3-17-16,2:43:00,AM,C,13
751,290000003992BE21,077,3-17-16,4:43:00,AM,C,11.5
751,290000003992BE21,077,3-17-16,6:43:00,AM,C,10.5
751,290000003992BE21,077,3-17-16,8:43:00,AM,C,14
751,290000003992BE21,077,3-17-16,10:43:00,AM,C,23
751,290000003992BE21,077,3-17-16,12:43:00,PM,C,28
751,290000003992BE21,077,3-17-16,2:43:00,PM,C,30
751,290000003992BE21,077,3-17-16,4:43:00,PM,C,29.5
751,290000003992BE21,077,3-17-16,6:43:00,PM,C,21.5
751,290000003992BE21,077,3-17-16,8:43:00,PM,C,16
751,290000003992BE21,077,3-17-16,10:43:00,PM,C,13.5
751,290000003992BE21,078,3-18-16,12:43:00,AM,C,12.5
751,290000003992BE21,078,3-18-16,2:43:00,AM,C,11.5
751,290000003992BE21,078,3-18-16,4:43:00,AM,C,10.5
751,290000003992BE21,078,3-18-16,6:43:00,AM,C,10
751,290000003992BE21,078,3-18-16,8:43:00,AM,C,13.5
751,290000003992BE21,078,3-18-16,10:43:00,AM,C,22
751,290000003992BE21,078,3-18-16,12:43:00,PM,C,26.5
751,290000003992BE21,078,3-18-16,2:43:00,PM,C,29.5
751,290000003992BE21,078,3-18-16,4:43:00,PM,C,29
751,290000003992BE21,078,3-18-16,6:43:00,PM,C,21
751,290000003992BE21,078,3-18-16,8:43:00,PM,C,15
751,290000003992BE21,078,3-18-16,10:43:00,PM,C,13
751,290000003992BE21,079,3-19-16,12:43:00,AM,C,12.5
751,290000003992BE21,079,3-19-16,2:43:00,AM,C,11
751,290000003992BE21,079,3-19-16,4:43:00,AM,C,10.5
751,290000003992BE21,079,3-19-16,6:43:00,AM,C,9.5
751,290000003992BE21,079,3-19-16,8:43:00,AM,C,13.5
751,290000003992BE21,079,3-19-16,10:43:00,AM,C,21
751,290000003992BE21,079,3-19-16,12:43:00,PM,C,25.5
751,290000003992BE21,079,3-19-16,2:43:00,PM,C,28
751,290000003992BE21,079,3-19-16,4:43:00,PM,C,26
751,290000003992BE21,079,3-19-16,6:43:00,PM,C,21
751,290000003992BE21,079,3-19-16,8:43:00,PM,C,15
751,290000003992BE21,079,3-19-16,10:43:00,PM,C,13
751,290000003992BE21,080,3-20-16,12:43:00,AM,C,12
751,290000003992BE21,080,3-20-16,2:43:00,AM,C,10.5
751,290000003992BE21,080,3-20-16,4:43:00,AM,C,10
751,290000003992BE21,080,3-20-16,6:43:00,AM,C,9.5
751,290000003992BE21,080,3-20-16,8:43:00,AM,C,13.5
751,290000003992BE21,080,3-20-16,10:43:00,AM,C,21
751,290000003992BE21,080,3-20-16,12:43:00,PM,C,27
751,290000003992BE21,080,3-20-16,2:43:00,PM,C,29
751,290000003992BE21,080,3-20-16,4:43:00,PM,C,27
751,290000003992BE21,080,3-20-16,6:43:00,PM,C,19.5
751,290000003992BE21,080,3-20-16,8:43:00,PM,C,13.5
751,290000003992BE21,080,3-20-16,10:43:00,PM,C,11.5
751,290000003992BE21,081,3-21-16,12:43:00,AM,C,10.5
751,290000003992BE21,081,3-21-16,2:43:00,AM,C,9.5
751,290000003992BE21,081,3-21-16,4:43:00,AM,C,9
751,290000003992BE21,081,3-21-16,6:43:00,AM,C,8
751,290000003992BE21,081,3-21-16,8:43:00,AM,C,12.5
751,290000003992BE21,081,3-21-16,10:43:00,AM,C,17.5
751,290000003992BE21,081,3-21-16,12:43:00,PM,C,22
751,290000003992BE21,081,3-21-16,2:43:00,PM,C,21.5
751,290000003992BE21,081,3-21-16,4:43:00,PM,C,22.5
751,290000003992BE21,081,3-21-16,6:43:00,PM,C,15.5
751,290000003992BE21,081,3-21-16,8:43:00,PM,C,11.5
751,290000003992BE21,081,3-21-16,10:43:00,PM,C,10.5
751,290000003992BE21,082,3-22-16,12:43:00,AM,C,10
751,290000003992BE21,082,3-22-16,2:43:00,AM,C,9
751,290000003992BE21,082,3-22-16,4:43:00,AM,C,7.5
751,290000003992BE21,082,3-22-16,6:43:00,AM,C,7
751,290000003992BE21,082,3-22-16,8:43:00,AM,C,10
751,290000003992BE21,082,3-22-16,10:43:00,AM,C,16.5
751,290000003992BE21,082,3-22-16,12:43:00,PM,C,20
751,290000003992BE21,082,3-22-16,2:43:00,PM,C,22.5
751,290000003992BE21,082,3-22-16,4:43:00,PM,C,22.5
751,290000003992BE21,082,3-22-16,6:43:00,PM,C,15
751,290000003992BE21,082,3-22-16,8:43:00,PM,C,11
751,290000003992BE21,082,3-22-16,10:43:00,PM,C,9.5
751,290000003992BE21,083,3-23-16,12:43:00,AM,C,8.5
751,290000003992BE21,083,3-23-16,2:43:00,AM,C,8
751,290000003992BE21,083,3-23-16,4:43:00,AM,C,7.5
751,290000003992BE21,083,3-23-16,6:43:00,AM,C,7
751,290000003992BE21,083,3-23-16,8:43:00,AM,C,10
751,290000003992BE21,083,3-23-16,10:43:00,AM,C,20
751,290000003992BE21,083,3-23-16,12:43:00,PM,C,25
751,290000003992BE21,083,3-23-16,2:43:00,PM,C,28.5
751,290000003992BE21,083,3-23-16,4:43:00,PM,C,26.5
751,290000003992BE21,083,3-23-16,6:43:00,PM,C,18.5
751,290000003992BE21,083,3-23-16,8:43:00,PM,C,13
751,290000003992BE21,083,3-23-16,10:43:00,PM,C,11.5
751,290000003992BE21,084,3-24-16,12:43:00,AM,C,8.5
751,290000003992BE21,084,3-24-16,2:43:00,AM,C,8
751,290000003992BE21,084,3-24-16,4:43:00,AM,C,7
751,290000003992BE21,084,3-24-16,6:43:00,AM,C,7
751,290000003992BE21,084,3-24-16,8:43:00,AM,C,12
751,290000003992BE21,084,3-24-16,10:43:00,AM,C,21.5
751,290000003992BE21,084,3-24-16,12:43:00,PM,C,28
751,290000003992BE21,084,3-24-16,2:43:00,PM,C,29.5
751,290000003992BE21,084,3-24-16,4:43:00,PM,C,27.5
751,290000003992BE21,084,3-24-16,6:43:00,PM,C,20
751,290000003992BE21,084,3-24-16,8:43:00,PM,C,15.5
751,290000003992BE21,084,3-24-16,10:43:00,PM,C,14
751,290000003992BE21,085,3-25-16,12:43:00,AM,C,13.5
751,290000003992BE21,085,3-25-16,2:43:00,AM,C,13
751,290000003992BE21,085,3-25-16,4:43:00,AM,C,13
751,290000003992BE21,085,3-25-16,6:43:00,AM,C,12.5
751,290000003992BE21,085,3-25-16,8:43:00,AM,C,16
751,290000003992BE21,085,3-25-16,10:43:00,AM,C,23.5
751,290000003992BE21,085,3-25-16,12:43:00,PM,C,28
751,290000003992BE21,085,3-25-16,2:43:00,PM,C,29
751,290000003992BE21,085,3-25-16,4:43:00,PM,C,27
751,290000003992BE21,085,3-25-16,6:43:00,PM,C,20.5
751,290000003992BE21,085,3-25-16,8:43:00,PM,C,16
751,290000003992BE21,085,3-25-16,10:43:00,PM,C,14.5
751,290000003992BE21,086,3-26-16,12:43:00,AM,C,13.5
751,290000003992BE21,086,3-26-16,2:43:00,AM,C,13
751,290000003992BE21,086,3-26-16,4:43:00,AM,C,13
751,290000003992BE21,086,3-26-16,6:43:00,AM,C,13
751,290000003992BE21,086,3-26-16,8:43:00,AM,C,15.5
751,290000003992BE21,086,3-26-16,10:43:00,AM,C,23.5
751,290000003992BE21,086,3-26-16,12:43:00,PM,C,29
751,290000003992BE21,086,3-26-16,2:43:00,PM,C,33
751,290000003992BE21,086,3-26-16,4:43:00,PM,C,30
751,290000003992BE21,086,3-26-16,6:43:00,PM,C,22
751,290000003992BE21,086,3-26-16,8:43:00,PM,C,14.5
751,290000003992BE21,086,3-26-16,10:43:00,PM,C,13.5
751,290000003992BE21,087,3-27-16,12:43:00,AM,C,14
751,290000003992BE21,087,3-27-16,2:43:00,AM,C,14
751,290000003992BE21,087,3-27-16,4:43:00,AM,C,11.5
751,290000003992BE21,087,3-27-16,6:43:00,AM,C,9
751,290000003992BE21,087,3-27-16,8:43:00,AM,C,15
751,290000003992BE21,087,3-27-16,10:43:00,AM,C,23
751,290000003992BE21,087,3-27-16,12:43:00,PM,C,27.5
751,290000003992BE21,087,3-27-16,2:43:00,PM,C,30.5
751,290000003992BE21,087,3-27-16,4:43:00,PM,C,27
751,290000003992BE21,087,3-27-16,6:43:00,PM,C,20
751,290000003992BE21,087,3-27-16,8:43:00,PM,C,14
751,290000003992BE21,087,3-27-16,10:43:00,PM,C,11
751,290000003992BE21,088,3-28-16,12:43:00,AM,C,10.5
751,290000003992BE21,088,3-28-16,2:43:00,AM,C,11.5
751,290000003992BE21,088,3-28-16,4:43:00,AM,C,10.5
751,290000003992BE21,088,3-28-16,6:43:00,AM,C,10.5
751,290000003992BE21,088,3-28-16,8:43:00,AM,C,11
751,290000003992BE21,088,3-28-16,10:43:00,AM,C,14
751,290000003992BE21,088,3-28-16,12:43:00,PM,C,19
751,290000003992BE21,088,3-28-16,2:43:00,PM,C,21.5
751,290000003992BE21,088,3-28-16,4:43:00,PM,C,20
751,290000003992BE21,088,3-28-16,6:43:00,PM,C,12
751,290000003992BE21,088,3-28-16,8:43:00,PM,C,8
751,290000003992BE21,088,3-28-16,10:43:00,PM,C,6.5
751,290000003992BE21,089,3-29-16,12:43:00,AM,C,6
751,290000003992BE21,089,3-29-16,2:43:00,AM,C,5.5
751,290000003992BE21,089,3-29-16,4:43:00,AM,C,5.5
751,290000003992BE21,089,3-29-16,6:43:00,AM,C,4
751,290000003992BE21,089,3-29-16,8:43:00,AM,C,10
751,290000003992BE21,089,3-29-16,10:43:00,AM,C,18
751,290000003992BE21,089,3-29-16,12:43:00,PM,C,22.5
751,290000003992BE21,089,3-29-16,2:43:00,PM,C,25
751,290000003992BE21,089,3-29-16,4:43:00,PM,C,23
751,290000003992BE21,089,3-29-16,6:43:00,PM,C,14
751,290000003992BE21,089,3-29-16,8:43:00,PM,C,8.5
751,290000003992BE21,089,3-29-16,10:43:00,PM,C,7
751,290000003992BE21,090,3-30-16,12:43:00,AM,C,6
751,290000003992BE21,090,3-30-16,2:43:00,AM,C,4.5
751,290000003992BE21,090,3-30-16,4:43:00,AM,C,3.5
751,290000003992BE21,090,3-30-16,6:43:00,AM,C,3.5
751,290000003992BE21,090,3-30-16,8:43:00,AM,C,9.5
751,290000003992BE21,090,3-30-16,10:43:00,AM,C,18
751,290000003992BE21,090,3-30-16,12:43:00,PM,C,22.5
751,290000003992BE21,090,3-30-16,2:43:00,PM,C,25
751,290000003992BE21,090,3-30-16,4:43:00,PM,C,23.5
751,290000003992BE21,090,3-30-16,6:43:00,PM,C,16
751,290000003992BE21,090,3-30-16,8:43:00,PM,C,9.5
751,290000003992BE21,090,3-30-16,10:43:00,PM,C,7.5
751,290000003992BE21,091,3-31-16,12:43:00,AM,C,7
751,290000003992BE21,091,3-31-16,2:43:00,AM,C,7
751,290000003992BE21,091,3-31-16,4:43:00,AM,C,8
751,290000003992BE21,091,3-31-16,6:43:00,AM,C,8.5
751,290000003992BE21,091,3-31-16,8:43:00,AM,C,13
751,290000003992BE21,091,3-31-16,10:43:00,AM,C,21.5
751,290000003992BE21,091,3-31-16,12:43:00,PM,C,27.5
751,290000003992BE21,091,3-31-16,2:43:00,PM,C,29
751,290000003992BE21,091,3-31-16,4:43:00,PM,C,25
751,290000003992BE21,091,3-31-16,6:43:00,PM,C,18.5
751,290000003992BE21,091,3-31-16,8:43:00,PM,C,11.5
751,290000003992BE21,091,3-31-16,10:43:00,PM,C,12
751,290000003992BE21,092,4-1-16,12:43:00,AM,C,12.5
751,290000003992BE21,092,4-1-16,2:43:00,AM,C,11.5
751,290000003992BE21,092,4-1-16,4:43:00,AM,C,11
751,290000003992BE21,092,4-1-16,6:43:00,AM,C,9.5
751,290000003992BE21,092,4-1-16,8:43:00,AM,C,14
751,290000003992BE21,092,4-1-16,10:43:00,AM,C,22.5
751,290000003992BE21,092,4-1-16,12:43:00,PM,C,28.5
751,290000003992BE21,092,4-1-16,2:43:00,PM,C,32
751,290000003992BE21,092,4-1-16,4:43:00,PM,C,29.5
751,290000003992BE21,092,4-1-16,6:43:00,PM,C,22
751,290000003992BE21,092,4-1-16,8:43:00,PM,C,14.5
751,290000003992BE21,092,4-1-16,10:43:00,PM,C,12
751,290000003992BE21,093,4-2-16,12:43:00,AM,C,10.5
751,290000003992BE21,093,4-2-16,2:43:00,AM,C,9.5
751,290000003992BE21,093,4-2-16,4:43:00,AM,C,9.5
751,290000003992BE21,093,4-2-16,6:43:00,AM,C,9
751,290000003992BE21,093,4-2-16,8:43:00,AM,C,16
751,290000003992BE21,093,4-2-16,10:43:00,AM,C,25
751,290000003992BE21,093,4-2-16,12:43:00,PM,C,29.5
751,290000003992BE21,093,4-2-16,2:43:00,PM,C,32.5
751,290000003992BE21,093,4-2-16,4:43:00,PM,C,31.5
751,290000003992BE21,093,4-2-16,6:43:00,PM,C,23
751,290000003992BE21,093,4-2-16,8:43:00,PM,C,16
751,290000003992BE21,093,4-2-16,10:43:00,PM,C,13.5
751,290000003992BE21,094,4-3-16,12:43:00,AM,C,11.5
751,290000003992BE21,094,4-3-16,2:43:00,AM,C,12
751,290000003992BE21,094,4-3-16,4:43:00,AM,C,9.5
751,290000003992BE21,094,4-3-16,6:43:00,AM,C,10
751,290000003992BE21,094,4-3-16,8:43:00,AM,C,16
751,290000003992BE21,094,4-3-16,10:43:00,AM,C,26
751,290000003992BE21,094,4-3-16,12:43:00,PM,C,31
751,290000003992BE21,094,4-3-16,2:43:00,PM,C,33.5
751,290000003992BE21,094,4-3-16,4:43:00,PM,C,30
751,290000003992BE21,094,4-3-16,6:43:00,PM,C,23.5
751,290000003992BE21,094,4-3-16,8:43:00,PM,C,15.5
751,290000003992BE21,094,4-3-16,10:43:00,PM,C,14.5
751,290000003992BE21,095,4-4-16,12:43:00,AM,C,14.5
751,290000003992BE21,095,4-4-16,2:43:00,AM,C,15.5
751,290000003992BE21,095,4-4-16,4:43:00,AM,C,15
751,290000003992BE21,095,4-4-16,6:43:00,AM,C,14.5
751,290000003992BE21,095,4-4-16,8:43:00,AM,C,19
751,290000003992BE21,095,4-4-16,10:43:00,AM,C,26
751,290000003992BE21,095,4-4-16,12:43:00,PM,C,32
751,290000003992BE21,095,4-4-16,2:43:00,PM,C,32.5
751,290000003992BE21,095,4-4-16,4:43:00,PM,C,31
751,290000003992BE21,095,4-4-16,6:43:00,PM,C,23.5
751,290000003992BE21,095,4-4-16,8:43:00,PM,C,18
751,290000003992BE21,095,4-4-16,10:43:00,PM,C,17.5
751,290000003992BE21,096,4-5-16,12:43:00,AM,C,16.5
751,290000003992BE21,096,4-5-16,2:43:00,AM,C,16
751,290000003992BE21,096,4-5-16,4:43:00,AM,C,15.5
751,290000003992BE21,096,4-5-16,6:43:00,AM,C,14.5
751,290000003992BE21,096,4-5-16,8:43:00,AM,C,18.5
751,290000003992BE21,096,4-5-16,10:43:00,AM,C,27.5
751,290000003992BE21,096,4-5-16,12:43:00,PM,C,34
751,290000003992BE21,096,4-5-16,2:43:00,PM,C,38
751,290000003992BE21,096,4-5-16,4:43:00,PM,C,36.5
751,290000003992BE21,096,4-5-16,6:43:00,PM,C,28
751,290000003992BE21,096,4-5-16,8:43:00,PM,C,20
751,290000003992BE21,096,4-5-16,10:43:00,PM,C,19.5
751,290000003992BE21,097,4-6-16,12:43:00,AM,C,18.5
751,290000003992BE21,097,4-6-16,2:43:00,AM,C,17
751,290000003992BE21,097,4-6-16,4:43:00,AM,C,17
751,290000003992BE21,097,4-6-16,6:43:00,AM,C,17
751,290000003992BE21,097,4-6-16,8:43:00,AM,C,23
751,290000003992BE21,097,4-6-16,10:43:00,AM,C,28
751,290000003992BE21,097,4-6-16,12:43:00,PM,C,37
751,290000003992BE21,097,4-6-16,2:43:00,PM,C,34
751,290000003992BE21,097,4-6-16,4:43:00,PM,C,34.5
751,290000003992BE21,097,4-6-16,6:43:00,PM,C,25
751,290000003992BE21,097,4-6-16,8:43:00,PM,C,19
751,290000003992BE21,097,4-6-16,10:43:00,PM,C,17.5
751,290000003992BE21,098,4-7-16,12:43:00,AM,C,16.5
751,290000003992BE21,098,4-7-16,2:43:00,AM,C,15
751,290000003992BE21,098,4-7-16,4:43:00,AM,C,14.5
751,290000003992BE21,098,4-7-16,6:43:00,AM,C,14
751,290000003992BE21,098,4-7-16,8:43:00,AM,C,19
751,290000003992BE21,098,4-7-16,10:43:00,AM,C,27.5
751,290000003992BE21,098,4-7-16,12:43:00,PM,C,33
751,290000003992BE21,098,4-7-16,2:43:00,PM,C,20.5
751,290000003992BE21,098,4-7-16,4:43:00,PM,C,19.5
751,290000003992BE21,098,4-7-16,6:43:00,PM,C,16.5
751,290000003992BE21,098,4-7-16,8:43:00,PM,C,15.5
751,290000003992BE21,098,4-7-16,10:43:00,PM,C,15
751,290000003992BE21,099,4-8-16,12:43:00,AM,C,14.5
751,290000003992BE21,099,4-8-16,2:43:00,AM,C,14.5
751,290000003992BE21,099,4-8-16,4:43:00,AM,C,14.5
751,290000003992BE21,099,4-8-16,6:43:00,AM,C,14.5
751,290000003992BE21,099,4-8-16,8:43:00,AM,C,15
751,290000003992BE21,099,4-8-16,10:43:00,AM,C,15
751,290000003992BE21,099,4-8-16,12:43:00,PM,C,16
751,290000003992BE21,099,4-8-16,2:43:00,PM,C,14.5
751,290000003992BE21,099,4-8-16,4:43:00,PM,C,16
751,290000003992BE21,099,4-8-16,6:43:00,PM,C,14.5
751,290000003992BE21,099,4-8-16,8:43:00,PM,C,14
751,290000003992BE21,099,4-8-16,10:43:00,PM,C,13.5
751,290000003992BE21,100,4-9-16,12:43:00,AM,C,12.5
751,290000003992BE21,100,4-9-16,2:43:00,AM,C,12
751,290000003992BE21,100,4-9-16,4:43:00,AM,C,11.5
751,290000003992BE21,100,4-9-16,6:43:00,AM,C,11.5
751,290000003992BE21,100,4-9-16,8:43:00,AM,C,13
751,290000003992BE21,100,4-9-16,10:43:00,AM,C,14
751,290000003992BE21,100,4-9-16,12:43:00,PM,C,17.5
751,290000003992BE21,100,4-9-16,2:43:00,PM,C,18
751,290000003992BE21,100,4-9-16,4:43:00,PM,C,16
751,290000003992BE21,100,4-9-16,6:43:00,PM,C,14
751,290000003992BE21,100,4-9-16,8:43:00,PM,C,12.5
751,290000003992BE21,100,4-9-16,10:43:00,PM,C,12.5
751,290000003992BE21,101,4-10-16,12:43:00,AM,C,12
751,290000003992BE21,101,4-10-16,2:43:00,AM,C,12.5
751,290000003992BE21,101,4-10-16,4:43:00,AM,C,11.5
751,290000003992BE21,101,4-10-16,6:43:00,AM,C,10.5
751,290000003992BE21,101,4-10-16,8:43:00,AM,C,14.5
751,290000003992BE21,101,4-10-16,10:43:00,AM,C,19
751,290000003992BE21,101,4-10-16,12:43:00,PM,C,16.5
751,290000003992BE21,101,4-10-16,2:43:00,PM,C,17.5
751,290000003992BE21,101,4-10-16,4:43:00,PM,C,21.5
751,290000003992BE21,101,4-10-16,6:43:00,PM,C,17
751,290000003992BE21,101,4-10-16,8:43:00,PM,C,14
751,290000003992BE21,101,4-10-16,10:43:00,PM,C,13.5
751,290000003992BE21,102,4-11-16,12:43:00,AM,C,13
751,290000003992BE21,102,4-11-16,2:43:00,AM,C,12
751,290000003992BE21,102,4-11-16,4:43:00,AM,C,11
751,290000003992BE21,102,4-11-16,6:43:00,AM,C,11
751,290000003992BE21,102,4-11-16,8:43:00,AM,C,14
751,290000003992BE21,102,4-11-16,10:43:00,AM,C,16
751,290000003992BE21,102,4-11-16,12:43:00,PM,C,19
751,290000003992BE21,102,4-11-16,2:43:00,PM,C,25.5
751,290000003992BE21,102,4-11-16,4:43:00,PM,C,22.5
751,290000003992BE21,102,4-11-16,6:43:00,PM,C,17.5
751,290000003992BE21,102,4-11-16,8:43:00,PM,C,13.5
751,290000003992BE21,102,4-11-16,10:43:00,PM,C,12.5
751,290000003992BE21,103,4-12-16,12:43:00,AM,C,13
751,290000003992BE21,103,4-12-16,2:43:00,AM,C,12.5
751,290000003992BE21,103,4-12-16,4:43:00,AM,C,12
751,290000003992BE21,103,4-12-16,6:43:00,AM,C,11.5
751,290000003992BE21,103,4-12-16,8:43:00,AM,C,13.5
751,290000003992BE21,103,4-12-16,10:43:00,AM,C,17.5
751,290000003992BE21,103,4-12-16,12:43:00,PM,C,23
751,290000003992BE21,103,4-12-16,2:43:00,PM,C,27
751,290000003992BE21,103,4-12-16,4:43:00,PM,C,24
751,290000003992BE21,103,4-12-16,6:43:00,PM,C,19
751,290000003992BE21,103,4-12-16,8:43:00,PM,C,15.5
751,290000003992BE21,103,4-12-16,10:43:00,PM,C,15
751,290000003992BE21,104,4-13-16,12:43:00,AM,C,14
751,290000003992BE21,104,4-13-16,2:43:00,AM,C,13.5
751,290000003992BE21,104,4-13-16,4:43:00,AM,C,12
751,290000003992BE21,104,4-13-16,6:43:00,AM,C,11
751,290000003992BE21,104,4-13-16,8:43:00,AM,C,14.5
751,290000003992BE21,104,4-13-16,10:43:00,AM,C,20.5
751,290000003992BE21,104,4-13-16,12:43:00,PM,C,25
751,290000003992BE21,104,4-13-16,2:43:00,PM,C,27
751,290000003992BE21,104,4-13-16,4:43:00,PM,C,26
751,290000003992BE21,104,4-13-16,6:43:00,PM,C,20
751,290000003992BE21,104,4-13-16,8:43:00,PM,C,15.5
751,290000003992BE21,104,4-13-16,10:43:00,PM,C,14.5
751,290000003992BE21,105,4-14-16,12:43:00,AM,C,13.5
751,290000003992BE21,105,4-14-16,2:43:00,AM,C,12.5
751,290000003992BE21,105,4-14-16,4:43:00,AM,C,12.5
751,290000003992BE21,105,4-14-16,6:43:00,AM,C,11.5
751,290000003992BE21,105,4-14-16,8:43:00,AM,C,15
751,290000003992BE21,105,4-14-16,10:43:00,AM,C,20.5
751,290000003992BE21,105,4-14-16,12:43:00,PM,C,25.5
751,290000003992BE21,105,4-14-16,2:43:00,PM,C,27
751,290000003992BE21,105,4-14-16,4:43:00,PM,C,24.5
751,290000003992BE21,105,4-14-16,6:43:00,PM,C,18.5
751,290000003992BE21,105,4-14-16,8:43:00,PM,C,14.5
751,290000003992BE21,105,4-14-16,10:43:00,PM,C,12.5
751,290000003992BE21,106,4-15-16,12:43:00,AM,C,11.5
751,290000003992BE21,106,4-15-16,2:43:00,AM,C,10
751,290000003992BE21,106,4-15-16,4:43:00,AM,C,9
751,290000003992BE21,106,4-15-16,6:43:00,AM,C,8.5
751,290000003992BE21,106,4-15-16,8:43:00,AM,C,12.5
751,290000003992BE21,106,4-15-16,10:43:00,AM,C,17.5
751,290000003992BE21,106,4-15-16,12:43:00,PM,C,24
751,290000003992BE21,106,4-15-16,2:43:00,PM,C,23.5
751,290000003992BE21,106,4-15-16,4:43:00,PM,C,22
751,290000003992BE21,106,4-15-16,6:43:00,PM,C,18
751,290000003992BE21,106,4-15-16,8:43:00,PM,C,14
751,290000003992BE21,106,4-15-16,10:43:00,PM,C,13
751,290000003992BE21,107,4-16-16,12:43:00,AM,C,12.5
751,290000003992BE21,107,4-16-16,2:43:00,AM,C,12.5
751,290000003992BE21,107,4-16-16,4:43:00,AM,C,9
751,290000003992BE21,107,4-16-16,6:43:00,AM,C,8
751,290000003992BE21,107,4-16-16,8:43:00,AM,C,15
751,290000003992BE21,107,4-16-16,10:43:00,AM,C,24.5
751,290000003992BE21,107,4-16-16,12:43:00,PM,C,30.5
751,290000003992BE21,107,4-16-16,2:43:00,PM,C,33.5
751,290000003992BE21,107,4-16-16,4:43:00,PM,C,30
751,290000003992BE21,107,4-16-16,6:43:00,PM,C,23.5
751,290000003992BE21,107,4-16-16,8:43:00,PM,C,16
751,290000003992BE21,107,4-16-16,10:43:00,PM,C,15.5
751,290000003992BE21,108,4-17-16,12:43:00,AM,C,15
751,290000003992BE21,108,4-17-16,2:43:00,AM,C,12.5
751,290000003992BE21,108,4-17-16,4:43:00,AM,C,13.5
751,290000003992BE21,108,4-17-16,6:43:00,AM,C,13
751,290000003992BE21,108,4-17-16,8:43:00,AM,C,18.5
751,290000003992BE21,108,4-17-16,10:43:00,AM,C,28.5
751,290000003992BE21,108,4-17-16,12:43:00,PM,C,34
751,290000003992BE21,108,4-17-16,2:43:00,PM,C,36.5
751,290000003992BE21,108,4-17-16,4:43:00,PM,C,34.5
751,290000003992BE21,108,4-17-16,6:43:00,PM,C,26
751,290000003992BE21,108,4-17-16,8:43:00,PM,C,18
751,290000003992BE21,108,4-17-16,10:43:00,PM,C,17
751,290000003992BE21,109,4-18-16,12:43:00,AM,C,15.5
751,290000003992BE21,109,4-18-16,2:43:00,AM,C,17
751,290000003992BE21,109,4-18-16,4:43:00,AM,C,12.5
751,290000003992BE21,109,4-18-16,6:43:00,AM,C,11
751,290000003992BE21,109,4-18-16,8:43:00,AM,C,19.5
751,290000003992BE21,109,4-18-16,10:43:00,AM,C,29
751,290000003992BE21,109,4-18-16,12:43:00,PM,C,35
751,290000003992BE21,109,4-18-16,2:43:00,PM,C,37.5
751,290000003992BE21,109,4-18-16,4:43:00,PM,C,35.5
751,290000003992BE21,109,4-18-16,6:43:00,PM,C,26.5
751,290000003992BE21,109,4-18-16,8:43:00,PM,C,18.5
751,290000003992BE21,109,4-18-16,10:43:00,PM,C,15
751,290000003992BE21,110,4-19-16,12:43:00,AM,C,15
751,290000003992BE21,110,4-19-16,2:43:00,AM,C,16
751,290000003992BE21,110,4-19-16,4:43:00,AM,C,15.5
751,290000003992BE21,110,4-19-16,6:43:00,AM,C,14
751,290000003992BE21,110,4-19-16,8:43:00,AM,C,21
751,290000003992BE21,110,4-19-16,10:43:00,AM,C,30
751,290000003992BE21,110,4-19-16,12:43:00,PM,C,35.5
751,290000003992BE21,110,4-19-16,2:43:00,PM,C,36.5
751,290000003992BE21,110,4-19-16,4:43:00,PM,C,31
751,290000003992BE21,110,4-19-16,6:43:00,PM,C,25.5
751,290000003992BE21,110,4-19-16,8:43:00,PM,C,16
751,290000003992BE21,110,4-19-16,10:43:00,PM,C,13
751,290000003992BE21,111,4-20-16,12:43:00,AM,C,12
751,290000003992BE21,111,4-20-16,2:43:00,AM,C,11.5
751,290000003992BE21,111,4-20-16,4:43:00,AM,C,10
751,290000003992BE21,111,4-20-16,6:43:00,AM,C,9.5
751,290000003992BE21,111,4-20-16,8:43:00,AM,C,18
751,290000003992BE21,111,4-20-16,10:43:00,AM,C,28.5
751,290000003992BE21,111,4-20-16,12:43:00,PM,C,34
751,290000003992BE21,111,4-20-16,2:43:00,PM,C,37
751,290000003992BE21,111,4-20-16,4:43:00,PM,C,35
751,290000003992BE21,111,4-20-16,6:43:00,PM,C,25
751,290000003992BE21,111,4-20-16,8:43:00,PM,C,16
751,290000003992BE21,111,4-20-16,10:43:00,PM,C,12.5
751,290000003992BE21,112,4-21-16,12:43:00,AM,C,11.5
751,290000003992BE21,112,4-21-16,2:43:00,AM,C,10
751,290000003992BE21,112,4-21-16,4:43:00,AM,C,9
751,290000003992BE21,112,4-21-16,6:43:00,AM,C,8.5
751,290000003992BE21,112,4-21-16,8:43:00,AM,C,17.5
751,290000003992BE21,112,4-21-16,10:43:00,AM,C,27.5
751,290000003992BE21,112,4-21-16,12:43:00,PM,C,33.5
751,290000003992BE21,112,4-21-16,2:43:00,PM,C,36
751,290000003992BE21,112,4-21-16,4:43:00,PM,C,34
751,290000003992BE21,112,4-21-16,6:43:00,PM,C,22.5
751,290000003992BE21,112,4-21-16,8:43:00,PM,C,15.5
751,290000003992BE21,112,4-21-16,10:43:00,PM,C,16
751,290000003992BE21,113,4-22-16,12:43:00,AM,C,16
751,290000003992BE21,113,4-22-16,2:43:00,AM,C,11
751,290000003992BE21,113,4-22-16,4:43:00,AM,C,10.5
751,290000003992BE21,113,4-22-16,6:43:00,AM,C,10.5
751,290000003992BE21,113,4-22-16,8:43:00,AM,C,17
751,290000003992BE21,113,4-22-16,10:43:00,AM,C,26.5
751,290000003992BE21,113,4-22-16,12:43:00,PM,C,32
751,290000003992BE21,113,4-22-16,2:43:00,PM,C,29.5
751,290000003992BE21,113,4-22-16,4:43:00,PM,C,19.5
751,290000003992BE21,113,4-22-16,6:43:00,PM,C,17
751,290000003992BE21,113,4-22-16,8:43:00,PM,C,12.5
751,290000003992BE21,113,4-22-16,10:43:00,PM,C,10.5
751,290000003992BE21,114,4-23-16,12:43:00,AM,C,10
751,290000003992BE21,114,4-23-16,2:43:00,AM,C,10
751,290000003992BE21,114,4-23-16,4:43:00,AM,C,9.5
751,290000003992BE21,114,4-23-16,6:43:00,AM,C,8.5
751,290000003992BE21,114,4-23-16,8:43:00,AM,C,14
751,290000003992BE21,114,4-23-16,10:43:00,AM,C,23
751,290000003992BE21,114,4-23-16,12:43:00,PM,C,29
751,290000003992BE21,114,4-23-16,2:43:00,PM,C,32.5
751,290000003992BE21,114,4-23-16,4:43:00,PM,C,30.5
751,290000003992BE21,114,4-23-16,6:43:00,PM,C,23.5
751,290000003992BE21,114,4-23-16,8:43:00,PM,C,16
751,290000003992BE21,114,4-23-16,10:43:00,PM,C,14
751,290000003992BE21,115,4-24-16,12:43:00,AM,C,13.5
751,290000003992BE21,115,4-24-16,2:43:00,AM,C,12.5
751,290000003992BE21,115,4-24-16,4:43:00,AM,C,12
751,290000003992BE21,115,4-24-16,6:43:00,AM,C,12.5
751,290000003992BE21,115,4-24-16,8:43:00,AM,C,16.5
751,290000003992BE21,115,4-24-16,10:43:00,AM,C,25
751,290000003992BE21,115,4-24-16,12:43:00,PM,C,31.5
751,290000003992BE21,115,4-24-16,2:43:00,PM,C,32.5
751,290000003992BE21,115,4-24-16,4:43:00,PM,C,29.5
751,290000003992BE21,115,4-24-16,6:43:00,PM,C,20
751,290000003992BE21,115,4-24-16,8:43:00,PM,C,13
751,290000003992BE21,115,4-24-16,10:43:00,PM,C,10.5
751,290000003992BE21,116,4-25-16,12:43:00,AM,C,9
751,290000003992BE21,116,4-25-16,2:43:00,AM,C,7.5
751,290000003992BE21,116,4-25-16,4:43:00,AM,C,7
751,290000003992BE21,116,4-25-16,6:43:00,AM,C,6.5
751,290000003992BE21,116,4-25-16,8:43:00,AM,C,13.5
751,290000003992BE21,116,4-25-16,10:43:00,AM,C,23
751,290000003992BE21,116,4-25-16,12:43:00,PM,C,28.5
751,290000003992BE21,116,4-25-16,2:43:00,PM,C,27.5
751,290000003992BE21,116,4-25-16,4:43:00,PM,C,25
751,290000003992BE21,116,4-25-16,6:43:00,PM,C,16.5
751,290000003992BE21,116,4-25-16,8:43:00,PM,C,12
751,290000003992BE21,116,4-25-16,10:43:00,PM,C,11.5
751,290000003992BE21,117,4-26-16,12:43:00,AM,C,10
751,290000003992BE21,117,4-26-16,2:43:00,AM,C,10
751,290000003992BE21,117,4-26-16,4:43:00,AM,C,9.5
751,290000003992BE21,117,4-26-16,6:43:00,AM,C,10
751,290000003992BE21,117,4-26-16,8:43:00,AM,C,16
751,290000003992BE21,117,4-26-16,10:43:00,AM,C,24.5
751,290000003992BE21,117,4-26-16,12:43:00,PM,C,30.5
751,290000003992BE21,117,4-26-16,2:43:00,PM,C,32.5
751,290000003992BE21,117,4-26-16,4:43:00,PM,C,29.5
751,290000003992BE21,117,4-26-16,6:43:00,PM,C,21.5
751,290000003992BE21,117,4-26-16,8:43:00,PM,C,14.5
751,290000003992BE21,117,4-26-16,10:43:00,PM,C,14
751,290000003992BE21,118,4-27-16,12:43:00,AM,C,12.5
751,290000003992BE21,118,4-27-16,2:43:00,AM,C,11.5
751,290000003992BE21,118,4-27-16,4:43:00,AM,C,12
751,290000003992BE21,118,4-27-16,6:43:00,AM,C,11
751,290000003992BE21,118,4-27-16,8:43:00,AM,C,17
751,290000003992BE21,118,4-27-16,10:43:00,AM,C,26
751,290000003992BE21,118,4-27-16,12:43:00,PM,C,31.5
751,290000003992BE21,118,4-27-16,2:43:00,PM,C,33.5
751,290000003992BE21,118,4-27-16,4:43:00,PM,C,21
751,290000003992BE21,118,4-27-16,6:43:00,PM,C,16.5
751,290000003992BE21,118,4-27-16,8:43:00,PM,C,11
751,290000003992BE21,118,4-27-16,10:43:00,PM,C,8.5
751,290000003992BE21,119,4-28-16,12:43:00,AM,C,8
751,290000003992BE21,119,4-28-16,2:43:00,AM,C,8
751,290000003992BE21,119,4-28-16,4:43:00,AM,C,7.5
751,290000003992BE21,119,4-28-16,6:43:00,AM,C,8
751,290000003992BE21,119,4-28-16,8:43:00,AM,C,15.5
751,290000003992BE21,119,4-28-16,10:43:00,AM,C,25
751,290000003992BE21,119,4-28-16,12:43:00,PM,C,31
751,290000003992BE21,119,4-28-16,2:43:00,PM,C,32.5
751,290000003992BE21,119,4-28-16,4:43:00,PM,C,29
751,290000003992BE21,119,4-28-16,6:43:00,PM,C,20.5
751,290000003992BE21,119,4-28-16,8:43:00,PM,C,14
751,290000003992BE21,119,4-28-16,10:43:00,PM,C,14
751,290000003992BE21,120,4-29-16,12:43:00,AM,C,11.5
751,290000003992BE21,120,4-29-16,2:43:00,AM,C,10.5
751,290000003992BE21,120,4-29-16,4:43:00,AM,C,9.5
751,290000003992BE21,120,4-29-16,6:43:00,AM,C,9
751,290000003992BE21,120,4-29-16,8:43:00,AM,C,15
751,290000003992BE21,120,4-29-16,10:43:00,AM,C,25.5
751,290000003992BE21,120,4-29-16,12:43:00,PM,C,32
751,290000003992BE21,120,4-29-16,2:43:00,PM,C,33.5
751,290000003992BE21,120,4-29-16,4:43:00,PM,C,31
751,290000003992BE21,120,4-29-16,6:43:00,PM,C,20
751,290000003992BE21,120,4-29-16,8:43:00,PM,C,14
751,290000003992BE21,120,4-29-16,10:43:00,PM,C,14
751,290000003992BE21,121,4-30-16,12:43:00,AM,C,13
751,290000003992BE21,121,4-30-16,2:43:00,AM,C,12.5
751,290000003992BE21,121,4-30-16,4:43:00,AM,C,9.5
751,290000003992BE21,121,4-30-16,6:43:00,AM,C,9
751,290000003992BE21,121,4-30-16,8:43:00,AM,C,16
751,290000003992BE21,121,4-30-16,10:43:00,AM,C,26.5
751,290000003992BE21,121,4-30-16,12:43:00,PM,C,33.5
751,290000003992BE21,121,4-30-16,2:43:00,PM,C,35
751,290000003992BE21,121,4-30-16,4:43:00,PM,C,32
751,290000003992BE21,121,4-30-16,6:43:00,PM,C,23.5
751,290000003992BE21,121,4-30-16,8:43:00,PM,C,15
751,290000003992BE21,121,4-30-16,10:43:00,PM,C,14
751,290000003992BE21,122,5-1-16,12:43:00,AM,C,16
751,290000003992BE21,122,5-1-16,2:43:00,AM,C,15.5
751,290000003992BE21,122,5-1-16,4:43:00,AM,C,14
751,290000003992BE21,122,5-1-16,6:43:00,AM,C,12
751,290000003992BE21,122,5-1-16,8:43:00,AM,C,20
751,290000003992BE21,122,5-1-16,10:43:00,AM,C,30.5
751,290000003992BE21,122,5-1-16,12:43:00,PM,C,37
751,290000003992BE21,122,5-1-16,2:43:00,PM,C,39.5
751,290000003992BE21,122,5-1-16,4:43:00,PM,C,37
751,290000003992BE21,122,5-1-16,6:43:00,PM,C,28
751,290000003992BE21,122,5-1-16,8:43:00,PM,C,17.5
751,290000003992BE21,122,5-1-16,10:43:00,PM,C,14
751,290000003992BE21,123,5-2-16,12:43:00,AM,C,13
751,290000003992BE21,123,5-2-16,2:43:00,AM,C,12
751,290000003992BE21,123,5-2-16,4:43:00,AM,C,11
751,290000003992BE21,123,5-2-16,6:43:00,AM,C,10.5
751,290000003992BE21,123,5-2-16,8:43:00,AM,C,21
751,290000003992BE21,123,5-2-16,10:43:00,AM,C,30
751,290000003992BE21,123,5-2-16,12:43:00,PM,C,36
751,290000003992BE21,123,5-2-16,2:43:00,PM,C,40.5
751,290000003992BE21,123,5-2-16,4:43:00,PM,C,32.5
751,290000003992BE21,123,5-2-16,6:43:00,PM,C,26
751,290000003992BE21,123,5-2-16,8:43:00,PM,C,18.5
751,290000003992BE21,123,5-2-16,10:43:00,PM,C,15
751,290000003992BE21,124,5-3-16,12:43:00,AM,C,13.5
751,290000003992BE21,124,5-3-16,2:43:00,AM,C,14
751,290000003992BE21,124,5-3-16,4:43:00,AM,C,16.5
751,290000003992BE21,124,5-3-16,6:43:00,AM,C,13.5
751,290000003992BE21,124,5-3-16,8:43:00,AM,C,23
751,290000003992BE21,124,5-3-16,10:43:00,AM,C,32
751,290000003992BE21,124,5-3-16,12:43:00,PM,C,36.5
751,290000003992BE21,124,5-3-16,2:43:00,PM,C,35.5
751,290000003992BE21,124,5-3-16,4:43:00,PM,C,34.5
751,290000003992BE21,124,5-3-16,6:43:00,PM,C,26
751,290000003992BE21,124,5-3-16,8:43:00,PM,C,18
751,290000003992BE21,124,5-3-16,10:43:00,PM,C,16.5
751,290000003992BE21,125,5-4-16,12:43:00,AM,C,15
751,290000003992BE21,125,5-4-16,2:43:00,AM,C,14.5
751,290000003992BE21,125,5-4-16,4:43:00,AM,C,14
751,290000003992BE21,125,5-4-16,6:43:00,AM,C,12.5
751,290000003992BE21,125,5-4-16,8:43:00,AM,C,17
751,290000003992BE21,125,5-4-16,10:43:00,AM,C,29
751,290000003992BE21,125,5-4-16,12:43:00,PM,C,27
751,290000003992BE21,125,5-4-16,2:43:00,PM,C,34
751,290000003992BE21,125,5-4-16,4:43:00,PM,C,27
751,290000003992BE21,125,5-4-16,6:43:00,PM,C,23.5
751,290000003992BE21,125,5-4-16,8:43:00,PM,C,17
751,290000003992BE21,125,5-4-16,10:43:00,PM,C,16.5
751,290000003992BE21,126,5-5-16,12:43:00,AM,C,15
751,290000003992BE21,126,5-5-16,2:43:00,AM,C,14.5
751,290000003992BE21,126,5-5-16,4:43:00,AM,C,14
751,290000003992BE21,126,5-5-16,6:43:00,AM,C,12
751,290000003992BE21,126,5-5-16,8:43:00,AM,C,19
751,290000003992BE21,126,5-5-16,10:43:00,AM,C,25
751,290000003992BE21,126,5-5-16,12:43:00,PM,C,19
751,290000003992BE21,126,5-5-16,2:43:00,PM,C,18
751,290000003992BE21,126,5-5-16,4:43:00,PM,C,15
751,290000003992BE21,126,5-5-16,6:43:00,PM,C,14.5
751,290000003992BE21,126,5-5-16,8:43:00,PM,C,14
751,290000003992BE21,126,5-5-16,10:43:00,PM,C,13
751,290000003992BE21,127,5-6-16,12:43:00,AM,C,12.5
751,290000003992BE21,127,5-6-16,2:43:00,AM,C,12.5
751,290000003992BE21,127,5-6-16,4:43:00,AM,C,11.5
751,290000003992BE21,127,5-6-16,6:43:00,AM,C,11.5
751,290000003992BE21,127,5-6-16,8:43:00,AM,C,14.5
751,290000003992BE21,127,5-6-16,10:43:00,AM,C,19
751,290000003992BE21,127,5-6-16,12:43:00,PM,C,13.5
751,290000003992BE21,127,5-6-16,2:43:00,PM,C,8.5
751,290000003992BE21,127,5-6-16,4:43:00,PM,C,11.5
751,290000003992BE21,127,5-6-16,6:43:00,PM,C,12.5
751,290000003992BE21,127,5-6-16,8:43:00,PM,C,11.5
751,290000003992BE21,127,5-6-16,10:43:00,PM,C,9.5
751,290000003992BE21,128,5-7-16,12:43:00,AM,C,8.5
751,290000003992BE21,128,5-7-16,2:43:00,AM,C,8
751,290000003992BE21,128,5-7-16,4:43:00,AM,C,7.5
751,290000003992BE21,128,5-7-16,6:43:00,AM,C,7.5
751,290000003992BE21,128,5-7-16,8:43:00,AM,C,12.5
751,290000003992BE21,128,5-7-16,10:43:00,AM,C,17
751,290000003992BE21,128,5-7-16,12:43:00,PM,C,22
751,290000003992BE21,128,5-7-16,2:43:00,PM,C,19
751,290000003992BE21,128,5-7-16,4:43:00,PM,C,16
751,290000003992BE21,128,5-7-16,6:43:00,PM,C,15.5
751,290000003992BE21,128,5-7-16,8:43:00,PM,C,13
751,290000003992BE21,128,5-7-16,10:43:00,PM,C,12
751,290000003992BE21,129,5-8-16,12:43:00,AM,C,10.5
751,290000003992BE21,129,5-8-16,2:43:00,AM,C,9.5
751,290000003992BE21,129,5-8-16,4:43:00,AM,C,9
751,290000003992BE21,129,5-8-16,6:43:00,AM,C,9
751,290000003992BE21,129,5-8-16,8:43:00,AM,C,14
751,290000003992BE21,129,5-8-16,10:43:00,AM,C,21
751,290000003992BE21,129,5-8-16,12:43:00,PM,C,25
751,290000003992BE21,129,5-8-16,2:43:00,PM,C,22
751,290000003992BE21,129,5-8-16,4:43:00,PM,C,25.5
751,290000003992BE21,129,5-8-16,6:43:00,PM,C,19
751,290000003992BE21,129,5-8-16,8:43:00,PM,C,14.5
751,290000003992BE21,129,5-8-16,10:43:00,PM,C,12.5
751,290000003992BE21,130,5-9-16,12:43:00,AM,C,12
751,290000003992BE21,130,5-9-16,2:43:00,AM,C,11.5
751,290000003992BE21,130,5-9-16,4:43:00,AM,C,10.5
751,290000003992BE21,130,5-9-16,6:43:00,AM,C,11
751,290000003992BE21,130,5-9-16,8:43:00,AM,C,13.5
751,290000003992BE21,130,5-9-16,10:43:00,AM,C,17
751,290000003992BE21,130,5-9-16,12:43:00,PM,C,21.5
751,290000003992BE21,130,5-9-16,2:43:00,PM,C,27.5
751,290000003992BE21,130,5-9-16,4:43:00,PM,C,27
751,290000003992BE21,130,5-9-16,6:43:00,PM,C,19.5
751,290000003992BE21,130,5-9-16,8:43:00,PM,C,16.5
751,290000003992BE21,130,5-9-16,10:43:00,PM,C,15
751,290000003992BE21,131,5-10-16,12:43:00,AM,C,14.5
751,290000003992BE21,131,5-10-16,2:43:00,AM,C,14
751,290000003992BE21,131,5-10-16,4:43:00,AM,C,13.5
751,290000003992BE21,131,5-10-16,6:43:00,AM,C,13
751,290000003992BE21,131,5-10-16,8:43:00,AM,C,15
751,290000003992BE21,131,5-10-16,10:43:00,AM,C,19.5
751,290000003992BE21,131,5-10-16,12:43:00,PM,C,27
751,290000003992BE21,131,5-10-16,2:43:00,PM,C,31.5
751,290000003992BE21,131,5-10-16,4:43:00,PM,C,29.5
751,290000003992BE21,131,5-10-16,6:43:00,PM,C,22.5
751,290000003992BE21,131,5-10-16,8:43:00,PM,C,17
751,290000003992BE21,131,5-10-16,10:43:00,PM,C,14.5
751,290000003992BE21,132,5-11-16,12:43:00,AM,C,14
751,290000003992BE21,132,5-11-16,2:43:00,AM,C,13
751,290000003992BE21,132,5-11-16,4:43:00,AM,C,12
751,290000003992BE21,132,5-11-16,6:43:00,AM,C,12
751,290000003992BE21,132,5-11-16,8:43:00,AM,C,16.5
751,290000003992BE21,132,5-11-16,10:43:00,AM,C,24
751,290000003992BE21,132,5-11-16,12:43:00,PM,C,31
751,290000003992BE21,132,5-11-16,2:43:00,PM,C,35
751,290000003992BE21,132,5-11-16,4:43:00,PM,C,33.5
751,290000003992BE21,132,5-11-16,6:43:00,PM,C,26
751,290000003992BE21,132,5-11-16,8:43:00,PM,C,20
751,290000003992BE21,132,5-11-16,10:43:00,PM,C,17.5
751,290000003992BE21,133,5-12-16,12:43:00,AM,C,16.5
751,290000003992BE21,133,5-12-16,2:43:00,AM,C,15.5
751,290000003992BE21,133,5-12-16,4:43:00,AM,C,14
751,290000003992BE21,133,5-12-16,6:43:00,AM,C,13.5
751,290000003992BE21,133,5-12-16,8:43:00,AM,C,21
751,290000003992BE21,133,5-12-16,10:43:00,AM,C,28.5
751,290000003992BE21,133,5-12-16,12:43:00,PM,C,34.5
751,290000003992BE21,133,5-12-16,2:43:00,PM,C,38
751,290000003992BE21,133,5-12-16,4:43:00,PM,C,35.5
751,290000003992BE21,133,5-12-16,6:43:00,PM,C,27.5
751,290000003992BE21,133,5-12-16,8:43:00,PM,C,20.5
751,290000003992BE21,133,5-12-16,10:43:00,PM,C,18.5
751,290000003992BE21,134,5-13-16,12:43:00,AM,C,17
751,290000003992BE21,134,5-13-16,2:43:00,AM,C,15.5
751,290000003992BE21,134,5-13-16,4:43:00,AM,C,14.5
751,290000003992BE21,134,5-13-16,6:43:00,AM,C,13.5
751,290000003992BE21,134,5-13-16,8:43:00,AM,C,19
751,290000003992BE21,134,5-13-16,10:43:00,AM,C,26.5
751,290000003992BE21,134,5-13-16,12:43:00,PM,C,32.5
751,290000003992BE21,134,5-13-16,2:43:00,PM,C,36.5
751,290000003992BE21,134,5-13-16,4:43:00,PM,C,34
751,290000003992BE21,134,5-13-16,6:43:00,PM,C,25.5
751,290000003992BE21,134,5-13-16,8:43:00,PM,C,18.5
751,290000003992BE21,134,5-13-16,10:43:00,PM,C,16
751,290000003992BE21,135,5-14-16,12:43:00,AM,C,14.5
751,290000003992BE21,135,5-14-16,2:43:00,AM,C,14.5
751,290000003992BE21,135,5-14-16,4:43:00,AM,C,13.5
751,290000003992BE21,135,5-14-16,6:43:00,AM,C,13
751,290000003992BE21,135,5-14-16,8:43:00,AM,C,17.5
751,290000003992BE21,135,5-14-16,10:43:00,AM,C,25
751,290000003992BE21,135,5-14-16,12:43:00,PM,C,32
751,290000003992BE21,135,5-14-16,2:43:00,PM,C,34.5
751,290000003992BE21,135,5-14-16,4:43:00,PM,C,32.5
751,290000003992BE21,135,5-14-16,6:43:00,PM,C,23.5
751,290000003992BE21,135,5-14-16,8:43:00,PM,C,18.5
751,290000003992BE21,135,5-14-16,10:43:00,PM,C,16
751,290000003992BE21,136,5-15-16,12:43:00,AM,C,15.5
751,290000003992BE21,136,5-15-16,2:43:00,AM,C,15
751,290000003992BE21,136,5-15-16,4:43:00,AM,C,15
751,290000003992BE21,136,5-15-16,6:43:00,AM,C,14.5
751,290000003992BE21,136,5-15-16,8:43:00,AM,C,16.5
751,290000003992BE21,136,5-15-16,10:43:00,AM,C,22
751,290000003992BE21,136,5-15-16,12:43:00,PM,C,30
751,290000003992BE21,136,5-15-16,2:43:00,PM,C,32.5
751,290000003992BE21,136,5-15-16,4:43:00,PM,C,32
751,290000003992BE21,136,5-15-16,6:43:00,PM,C,24
751,290000003992BE21,136,5-15-16,8:43:00,PM,C,18
751,290000003992BE21,136,5-15-16,10:43:00,PM,C,16.5
751,290000003992BE21,137,5-16-16,12:43:00,AM,C,16
751,290000003992BE21,137,5-16-16,2:43:00,AM,C,15
751,290000003992BE21,137,5-16-16,4:43:00,AM,C,14
751,290000003992BE21,137,5-16-16,6:43:00,AM,C,14
751,290000003992BE21,137,5-16-16,8:43:00,AM,C,17
751,290000003992BE21,137,5-16-16,10:43:00,AM,C,25
751,290000003992BE21,137,5-16-16,12:43:00,PM,C,32.5
751,290000003992BE21,137,5-16-16,2:43:00,PM,C,34.5
751,290000003992BE21,137,5-16-16,4:43:00,PM,C,33
751,290000003992BE21,137,5-16-16,6:43:00,PM,C,26
751,290000003992BE21,137,5-16-16,8:43:00,PM,C,18.5
751,290000003992BE21,137,5-16-16,10:43:00,PM,C,16
751,290000003992BE21,138,5-17-16,12:43:00,AM,C,14.5
751,290000003992BE21,138,5-17-16,2:43:00,AM,C,13.5
751,290000003992BE21,138,5-17-16,4:43:00,AM,C,15
751,290000003992BE21,138,5-17-16,6:43:00,AM,C,15.5
751,290000003992BE21,138,5-17-16,8:43:00,AM,C,22.5
751,290000003992BE21,138,5-17-16,10:43:00,AM,C,28.5
751,290000003992BE21,138,5-17-16,12:43:00,PM,C,35
751,290000003992BE21,138,5-17-16,2:43:00,PM,C,37.5
751,290000003992BE21,138,5-17-16,4:43:00,PM,C,36
751,290000003992BE21,138,5-17-16,6:43:00,PM,C,28
751,290000003992BE21,138,5-17-16,8:43:00,PM,C,20.5
751,290000003992BE21,138,5-17-16,10:43:00,PM,C,18
751,290000003992BE21,139,5-18-16,12:43:00,AM,C,17
751,290000003992BE21,139,5-18-16,2:43:00,AM,C,16
751,290000003992BE21,139,5-18-16,4:43:00,AM,C,14.5
751,290000003992BE21,139,5-18-16,6:43:00,AM,C,14.5
751,290000003992BE21,139,5-18-16,8:43:00,AM,C,23.5
751,290000003992BE21,139,5-18-16,10:43:00,AM,C,32
751,290000003992BE21,139,5-18-16,12:43:00,PM,C,38
751,290000003992BE21,139,5-18-16,2:43:00,PM,C,40
751,290000003992BE21,139,5-18-16,4:43:00,PM,C,38.5
751,290000003992BE21,139,5-18-16,6:43:00,PM,C,29.5
751,290000003992BE21,139,5-18-16,8:43:00,PM,C,22.5
751,290000003992BE21,139,5-18-16,10:43:00,PM,C,20
751,290000003992BE21,140,5-19-16,12:43:00,AM,C,17.5
751,290000003992BE21,140,5-19-16,2:43:00,AM,C,16
751,290000003992BE21,140,5-19-16,4:43:00,AM,C,14.5
751,290000003992BE21,140,5-19-16,6:43:00,AM,C,14.5
751,290000003992BE21,140,5-19-16,8:43:00,AM,C,21
751,290000003992BE21,140,5-19-16,10:43:00,AM,C,28.5
751,290000003992BE21,140,5-19-16,12:43:00,PM,C,34.5
751,290000003992BE21,140,5-19-16,2:43:00,PM,C,37.5
751,290000003992BE21,140,5-19-16,4:43:00,PM,C,34
751,290000003992BE21,140,5-19-16,6:43:00,PM,C,24.5
751,290000003992BE21,140,5-19-16,8:43:00,PM,C,16.5
751,290000003992BE21,140,5-19-16,10:43:00,PM,C,15
751,290000003992BE21,141,5-20-16,12:43:00,AM,C,15
751,290000003992BE21,141,5-20-16,2:43:00,AM,C,13.5
751,290000003992BE21,141,5-20-16,4:43:00,AM,C,10.5
751,290000003992BE21,141,5-20-16,6:43:00,AM,C,12
751,290000003992BE21,141,5-20-16,8:43:00,AM,C,14.5
751,290000003992BE21,141,5-20-16,10:43:00,AM,C,21
751,290000003992BE21,141,5-20-16,12:43:00,PM,C,27.5
751,290000003992BE21,141,5-20-16,2:43:00,PM,C,30
751,290000003992BE21,141,5-20-16,4:43:00,PM,C,29
751,290000003992BE21,141,5-20-16,6:43:00,PM,C,20
751,290000003992BE21,141,5-20-16,8:43:00,PM,C,13.5
751,290000003992BE21,141,5-20-16,10:43:00,PM,C,11
751,290000003992BE21,142,5-21-16,12:43:00,AM,C,10
751,290000003992BE21,142,5-21-16,2:43:00,AM,C,8
751,290000003992BE21,142,5-21-16,4:43:00,AM,C,7
751,290000003992BE21,142,5-21-16,6:43:00,AM,C,8
751,290000003992BE21,142,5-21-16,8:43:00,AM,C,15
751,290000003992BE21,142,5-21-16,10:43:00,AM,C,24.5
751,290000003992BE21,142,5-21-16,12:43:00,PM,C,31
751,290000003992BE21,142,5-21-16,2:43:00,PM,C,33
751,290000003992BE21,142,5-21-16,4:43:00,PM,C,30
751,290000003992BE21,142,5-21-16,6:43:00,PM,C,20
751,290000003992BE21,142,5-21-16,8:43:00,PM,C,14.5
751,290000003992BE21,142,5-21-16,10:43:00,PM,C,12.5
751,290000003992BE21,143,5-22-16,12:43:00,AM,C,10
751,290000003992BE21,143,5-22-16,2:43:00,AM,C,10
751,290000003992BE21,143,5-22-16,4:43:00,AM,C,10.5
751,290000003992BE21,143,5-22-16,6:43:00,AM,C,8
751,290000003992BE21,143,5-22-16,8:43:00,AM,C,16
751,290000003992BE21,143,5-22-16,10:43:00,AM,C,25.5
751,290000003992BE21,143,5-22-16,12:43:00,PM,C,32
751,290000003992BE21,143,5-22-16,2:43:00,PM,C,33
751,290000003992BE21,143,5-22-16,4:43:00,PM,C,31
751,290000003992BE21,143,5-22-16,6:43:00,PM,C,22.5
751,290000003992BE21,143,5-22-16,8:43:00,PM,C,15.5
751,290000003992BE21,143,5-22-16,10:43:00,PM,C,13
751,290000003992BE21,144,5-23-16,12:43:00,AM,C,11
751,290000003992BE21,144,5-23-16,2:43:00,AM,C,10.5
751,290000003992BE21,144,5-23-16,4:43:00,AM,C,11.5
751,290000003992BE21,144,5-23-16,6:43:00,AM,C,12
751,290000003992BE21,144,5-23-16,8:43:00,AM,C,17
751,290000003992BE21,144,5-23-16,10:43:00,AM,C,25.5
751,290000003992BE21,144,5-23-16,12:43:00,PM,C,32.5
751,290000003992BE21,144,5-23-16,2:43:00,PM,C,31.5
751,290000003992BE21,144,5-23-16,4:43:00,PM,C,30
751,290000003992BE21,144,5-23-16,6:43:00,PM,C,21
751,290000003992BE21,144,5-23-16,8:43:00,PM,C,15.5
751,290000003992BE21,144,5-23-16,10:43:00,PM,C,14
751,290000003992BE21,145,5-24-16,12:43:00,AM,C,14.5
751,290000003992BE21,145,5-24-16,2:43:00,AM,C,14
751,290000003992BE21,145,5-24-16,4:43:00,AM,C,10
751,290000003992BE21,145,5-24-16,6:43:00,AM,C,12
751,290000003992BE21,145,5-24-16,8:43:00,AM,C,17
751,290000003992BE21,145,5-24-16,10:43:00,AM,C,19.5
751,290000003992BE21,145,5-24-16,12:43:00,PM,C,22.5
751,290000003992BE21,145,5-24-16,2:43:00,PM,C,27
751,290000003992BE21,145,5-24-16,4:43:00,PM,C,26
751,290000003992BE21,145,5-24-16,6:43:00,PM,C,20.5
751,290000003992BE21,145,5-24-16,8:43:00,PM,C,16
751,290000003992BE21,145,5-24-16,10:43:00,PM,C,13.5
751,290000003992BE21,146,5-25-16,12:43:00,AM,C,12
751,290000003992BE21,146,5-25-16,2:43:00,AM,C,13
751,290000003992BE21,146,5-25-16,4:43:00,AM,C,11.5
751,290000003992BE21,146,5-25-16,6:43:00,AM,C,13
751,290000003992BE21,146,5-25-16,8:43:00,AM,C,15
751,290000003992BE21,146,5-25-16,10:43:00,AM,C,21
751,290000003992BE21,146,5-25-16,12:43:00,PM,C,30.5
751,290000003992BE21,146,5-25-16,2:43:00,PM,C,34.5
751,290000003992BE21,146,5-25-16,4:43:00,PM,C,31
751,290000003992BE21,146,5-25-16,6:43:00,PM,C,22.5
751,290000003992BE21,146,5-25-16,8:43:00,PM,C,15
751,290000003992BE21,146,5-25-16,10:43:00,PM,C,12.5
751,290000003992BE21,147,5-26-16,12:43:00,AM,C,12
751,290000003992BE21,147,5-26-16,2:43:00,AM,C,12.5
751,290000003992BE21,147,5-26-16,4:43:00,AM,C,12
751,290000003992BE21,147,5-26-16,6:43:00,AM,C,12.5
751,290000003992BE21,147,5-26-16,8:43:00,AM,C,17
751,290000003992BE21,147,5-26-16,10:43:00,AM,C,26
751,290000003992BE21,147,5-26-16,12:43:00,PM,C,32.5
751,290000003992BE21,147,5-26-16,2:43:00,PM,C,33.5
751,290000003992BE21,147,5-26-16,4:43:00,PM,C,32.5
751,290000003992BE21,147,5-26-16,6:43:00,PM,C,24.5
751,290000003992BE21,147,5-26-16,8:43:00,PM,C,17
751,290000003992BE21,147,5-26-16,10:43:00,PM,C,15
751,290000003992BE21,148,5-27-16,12:43:00,AM,C,13
751,290000003992BE21,148,5-27-16,2:43:00,AM,C,12
751,290000003992BE21,148,5-27-16,4:43:00,AM,C,13
751,290000003992BE21,148,5-27-16,6:43:00,AM,C,14.5
751,290000003992BE21,148,5-27-16,8:43:00,AM,C,20
751,290000003992BE21,148,5-27-16,10:43:00,AM,C,28
751,290000003992BE21,148,5-27-16,12:43:00,PM,C,35.5
751,290000003992BE21,148,5-27-16,2:43:00,PM,C,38.5
751,290000003992BE21,148,5-27-16,4:43:00,PM,C,36.5
751,290000003992BE21,148,5-27-16,6:43:00,PM,C,28
751,290000003992BE21,148,5-27-16,8:43:00,PM,C,20
751,290000003992BE21,148,5-27-16,10:43:00,PM,C,17
751,290000003992BE21,149,5-28-16,12:43:00,AM,C,15.5
751,290000003992BE21,149,5-28-16,2:43:00,AM,C,16
751,290000003992BE21,149,5-28-16,4:43:00,AM,C,13.5
751,290000003992BE21,149,5-28-16,6:43:00,AM,C,14
751,290000003992BE21,149,5-28-16,8:43:00,AM,C,22.5
751,290000003992BE21,149,5-28-16,10:43:00,AM,C,31
751,290000003992BE21,149,5-28-16,12:43:00,PM,C,38.5
751,290000003992BE21,149,5-28-16,2:43:00,PM,C,41
751,290000003992BE21,149,5-28-16,4:43:00,PM,C,38
751,290000003992BE21,149,5-28-16,6:43:00,PM,C,28.5
751,290000003992BE21,149,5-28-16,8:43:00,PM,C,21.5
751,290000003992BE21,149,5-28-16,10:43:00,PM,C,18
751,290000003992BE21,150,5-29-16,12:43:00,AM,C,15.5
751,290000003992BE21,150,5-29-16,2:43:00,AM,C,14.5
751,290000003992BE21,150,5-29-16,4:43:00,AM,C,12.5
751,290000003992BE21,150,5-29-16,6:43:00,AM,C,15
751,290000003992BE21,150,5-29-16,8:43:00,AM,C,18
751,290000003992BE21,150,5-29-16,10:43:00,AM,C,26
751,290000003992BE21,150,5-29-16,12:43:00,PM,C,34.5
751,290000003992BE21,150,5-29-16,2:43:00,PM,C,38.5
751,290000003992BE21,150,5-29-16,4:43:00,PM,C,36.5
751,290000003992BE21,150,5-29-16,6:43:00,PM,C,27
751,290000003992BE21,150,5-29-16,8:43:00,PM,C,19
751,290000003992BE21,150,5-29-16,10:43:00,PM,C,16.5
751,290000003992BE21,151,5-30-16,12:43:00,AM,C,14.5
751,290000003992BE21,151,5-30-16,2:43:00,AM,C,14
751,290000003992BE21,151,5-30-16,4:43:00,AM,C,14.5
751,290000003992BE21,151,5-30-16,6:43:00,AM,C,15
751,290000003992BE21,151,5-30-16,8:43:00,AM,C,21
751,290000003992BE21,151,5-30-16,10:43:00,AM,C,29.5
751,290000003992BE21,151,5-30-16,12:43:00,PM,C,38
751,290000003992BE21,151,5-30-16,2:43:00,PM,C,41
751,290000003992BE21,151,5-30-16,4:43:00,PM,C,37.5
751,290000003992BE21,151,5-30-16,6:43:00,PM,C,30.5
751,290000003992BE21,151,5-30-16,8:43:00,PM,C,21
751,290000003992BE21,151,5-30-16,10:43:00,PM,C,19.5
751,290000003992BE21,152,5-31-16,12:43:00,AM,C,22
751,290000003992BE21,152,5-31-16,2:43:00,AM,C,22.5
751,290000003992BE21,152,5-31-16,4:43:00,AM,C,21.5
751,290000003992BE21,152,5-31-16,6:43:00,AM,C,21.5
751,290000003992BE21,152,5-31-16,8:43:00,AM,C,29
751,290000003992BE21,152,5-31-16,10:43:00,AM,C,34.5
751,290000003992BE21,152,5-31-16,12:43:00,PM,C,41.5
751,290000003992BE21,152,5-31-16,2:43:00,PM,C,44.5
751,290000003992BE21,152,5-31-16,4:43:00,PM,C,41.5
751,290000003992BE21,152,5-31-16,6:43:00,PM,C,33
751,290000003992BE21,152,5-31-16,8:43:00,PM,C,23
751,290000003992BE21,152,5-31-16,10:43:00,PM,C,20.5
751,290000003992BE21,153,6-1-16,12:43:00,AM,C,19
751,290000003992BE21,153,6-1-16,2:43:00,AM,C,16.5
751,290000003992BE21,153,6-1-16,4:43:00,AM,C,15
751,290000003992BE21,153,6-1-16,6:43:00,AM,C,15.5
751,290000003992BE21,153,6-1-16,8:43:00,AM,C,26
751,290000003992BE21,153,6-1-16,10:43:00,AM,C,34.5
751,290000003992BE21,153,6-1-16,12:43:00,PM,C,41.5
751,290000003992BE21,153,6-1-16,2:43:00,PM,C,45
751,290000003992BE21,153,6-1-16,4:43:00,PM,C,42.5
751,290000003992BE21,153,6-1-16,6:43:00,PM,C,34
751,290000003992BE21,153,6-1-16,8:43:00,PM,C,23.5
751,290000003992BE21,153,6-1-16,10:43:00,PM,C,20
751,290000003992BE21,154,6-2-16,12:43:00,AM,C,18
751,290000003992BE21,154,6-2-16,2:43:00,AM,C,16.5
751,290000003992BE21,154,6-2-16,4:43:00,AM,C,15.5
751,290000003992BE21,154,6-2-16,6:43:00,AM,C,16
751,290000003992BE21,154,6-2-16,8:43:00,AM,C,28.5
751,290000003992BE21,154,6-2-16,10:43:00,AM,C,38.5
751,290000003992BE21,154,6-2-16,12:43:00,PM,C,45
751,290000003992BE21,154,6-2-16,2:43:00,PM,C,48.5
751,290000003992BE21,154,6-2-16,4:43:00,PM,C,46.5
751,290000003992BE21,154,6-2-16,6:43:00,PM,C,36
751,290000003992BE21,154,6-2-16,8:43:00,PM,C,25
751,290000003992BE21,154,6-2-16,10:43:00,PM,C,24.5
751,290000003992BE21,155,6-3-16,12:43:00,AM,C,25.5
751,290000003992BE21,155,6-3-16,2:43:00,AM,C,25
751,290000003992BE21,155,6-3-16,4:43:00,AM,C,24.5
751,290000003992BE21,155,6-3-16,6:43:00,AM,C,23.5
751,290000003992BE21,155,6-3-16,8:43:00,AM,C,31
751,290000003992BE21,155,6-3-16,10:43:00,AM,C,40
751,290000003992BE21,155,6-3-16,12:43:00,PM,C,46.5
751,290000003992BE21,155,6-3-16,2:43:00,PM,C,48
751,290000003992BE21,155,6-3-16,4:43:00,PM,C,47.5
751,290000003992BE21,155,6-3-16,6:43:00,PM,C,36.5
751,290000003992BE21,155,6-3-16,8:43:00,PM,C,25.5
751,290000003992BE21,155,6-3-16,10:43:00,PM,C,21.5
751,290000003992BE21,156,6-4-16,12:43:00,AM,C,20
751,290000003992BE21,156,6-4-16,2:43:00,AM,C,18.5
751,290000003992BE21,156,6-4-16,4:43:00,AM,C,19.5
751,290000003992BE21,156,6-4-16,6:43:00,AM,C,19
751,290000003992BE21,156,6-4-16,8:43:00,AM,C,30.5
751,290000003992BE21,156,6-4-16,10:43:00,AM,C,39.5
751,290000003992BE21,156,6-4-16,12:43:00,PM,C,46
751,290000003992BE21,156,6-4-16,2:43:00,PM,C,49.5
751,290000003992BE21,156,6-4-16,4:43:00,PM,C,47
751,290000003992BE21,156,6-4-16,6:43:00,PM,C,36.5
751,290000003992BE21,156,6-4-16,8:43:00,PM,C,24.5
751,290000003992BE21,156,6-4-16,10:43:00,PM,C,20.5
751,290000003992BE21,157,6-5-16,12:43:00,AM,C,19
751,290000003992BE21,157,6-5-16,2:43:00,AM,C,17.5
751,290000003992BE21,157,6-5-16,4:43:00,AM,C,17
751,290000003992BE21,157,6-5-16,6:43:00,AM,C,16
751,290000003992BE21,157,6-5-16,8:43:00,AM,C,28.5
751,290000003992BE21,157,6-5-16,10:43:00,AM,C,36
751,290000003992BE21,157,6-5-16,12:43:00,PM,C,43
751,290000003992BE21,157,6-5-16,2:43:00,PM,C,47
751,290000003992BE21,157,6-5-16,4:43:00,PM,C,44
751,290000003992BE21,157,6-5-16,6:43:00,PM,C,34
751,290000003992BE21,157,6-5-16,8:43:00,PM,C,22.5
751,290000003992BE21,157,6-5-16,10:43:00,PM,C,19.5
751,290000003992BE21,158,6-6-16,12:43:00,AM,C,18
751,290000003992BE21,158,6-6-16,2:43:00,AM,C,17
751,290000003992BE21,158,6-6-16,4:43:00,AM,C,16
751,290000003992BE21,158,6-6-16,6:43:00,AM,C,18
751,290000003992BE21,158,6-6-16,8:43:00,AM,C,26
751,290000003992BE21,158,6-6-16,10:43:00,AM,C,34
751,290000003992BE21,158,6-6-16,12:43:00,PM,C,41.5
751,290000003992BE21,158,6-6-16,2:43:00,PM,C,45.5
751,290000003992BE21,158,6-6-16,4:43:00,PM,C,42.5
751,290000003992BE21,158,6-6-16,6:43:00,PM,C,33
751,290000003992BE21,158,6-6-16,8:43:00,PM,C,22
751,290000003992BE21,158,6-6-16,10:43:00,PM,C,21
751,290000003992BE21,159,6-7-16,12:43:00,AM,C,18
751,290000003992BE21,159,6-7-16,2:43:00,AM,C,16.5
751,290000003992BE21,159,6-7-16,4:43:00,AM,C,15
751,290000003992BE21,159,6-7-16,6:43:00,AM,C,16
751,290000003992BE21,159,6-7-16,8:43:00,AM,C,25.5
751,290000003992BE21,159,6-7-16,10:43:00,AM,C,33.5
751,290000003992BE21,159,6-7-16,12:43:00,PM,C,42
751,290000003992BE21,159,6-7-16,2:43:00,PM,C,44.5
751,290000003992BE21,159,6-7-16,4:43:00,PM,C,42.5
751,290000003992BE21,159,6-7-16,6:43:00,PM,C,32
751,290000003992BE21,159,6-7-16,8:43:00,PM,C,23
751,290000003992BE21,159,6-7-16,10:43:00,PM,C,19.5
751,290000003992BE21,160,6-8-16,12:43:00,AM,C,18.5
751,290000003992BE21,160,6-8-16,2:43:00,AM,C,16.5
751,290000003992BE21,160,6-8-16,4:43:00,AM,C,16
751,290000003992BE21,160,6-8-16,6:43:00,AM,C,16.5
751,290000003992BE21,160,6-8-16,8:43:00,AM,C,22.5
751,290000003992BE21,160,6-8-16,10:43:00,AM,C,31.5
751,290000003992BE21,160,6-8-16,12:43:00,PM,C,40
751,290000003992BE21,160,6-8-16,2:43:00,PM,C,43.5
751,290000003992BE21,160,6-8-16,4:43:00,PM,C,42.5
751,290000003992BE21,160,6-8-16,6:43:00,PM,C,32
751,290000003992BE21,160,6-8-16,8:43:00,PM,C,21.5
751,290000003992BE21,160,6-8-16,10:43:00,PM,C,18
751,290000003992BE21,161,6-9-16,12:43:00,AM,C,16
751,290000003992BE21,161,6-9-16,2:43:00,AM,C,15.5
751,290000003992BE21,161,6-9-16,4:43:00,AM,C,15.5
751,290000003992BE21,161,6-9-16,6:43:00,AM,C,16
751,290000003992BE21,161,6-9-16,8:43:00,AM,C,24.5
751,290000003992BE21,161,6-9-16,10:43:00,AM,C,32.5
751,290000003992BE21,161,6-9-16,12:43:00,PM,C,40
751,290000003992BE21,161,6-9-16,2:43:00,PM,C,42.5
751,290000003992BE21,161,6-9-16,4:43:00,PM,C,40.5
751,290000003992BE21,161,6-9-16,6:43:00,PM,C,31
751,290000003992BE21,161,6-9-16,8:43:00,PM,C,21
751,290000003992BE21,161,6-9-16,10:43:00,PM,C,18
751,290000003992BE21,162,6-10-16,12:43:00,AM,C,16
751,290000003992BE21,162,6-10-16,2:43:00,AM,C,15.5
751,290000003992BE21,162,6-10-16,4:43:00,AM,C,16
751,290000003992BE21,162,6-10-16,6:43:00,AM,C,17
751,290000003992BE21,162,6-10-16,8:43:00,AM,C,23.5
751,290000003992BE21,162,6-10-16,10:43:00,AM,C,31.5
751,290000003992BE21,162,6-10-16,12:43:00,PM,C,38
751,290000003992BE21,162,6-10-16,2:43:00,PM,C,37.5
751,290000003992BE21,162,6-10-16,4:43:00,PM,C,36.5
751,290000003992BE21,162,6-10-16,6:43:00,PM,C,28
751,290000003992BE21,162,6-10-16,8:43:00,PM,C,20.5
751,290000003992BE21,162,6-10-16,10:43:00,PM,C,18.5
751,290000003992BE21,163,6-11-16,12:43:00,AM,C,17
751,290000003992BE21,163,6-11-16,2:43:00,AM,C,15.5
751,290000003992BE21,163,6-11-16,4:43:00,AM,C,15
751,290000003992BE21,163,6-11-16,6:43:00,AM,C,13.5
751,290000003992BE21,163,6-11-16,8:43:00,AM,C,21.5
751,290000003992BE21,163,6-11-16,10:43:00,AM,C,31
751,290000003992BE21,163,6-11-16,12:43:00,PM,C,36.5
751,290000003992BE21,163,6-11-16,2:43:00,PM,C,34.5
751,290000003992BE21,163,6-11-16,4:43:00,PM,C,31
751,290000003992BE21,163,6-11-16,6:43:00,PM,C,25
751,290000003992BE21,163,6-11-16,8:43:00,PM,C,20.5
751,290000003992BE21,163,6-11-16,10:43:00,PM,C,19
751,290000003992BE21,164,6-12-16,12:43:00,AM,C,18.5
751,290000003992BE21,164,6-12-16,2:43:00,AM,C,18
751,290000003992BE21,164,6-12-16,4:43:00,AM,C,17.5
751,290000003992BE21,164,6-12-16,6:43:00,AM,C,17.5
751,290000003992BE21,164,6-12-16,8:43:00,AM,C,19.5
751,290000003992BE21,164,6-12-16,10:43:00,AM,C,21
751,290000003992BE21,164,6-12-16,12:43:00,PM,C,24
751,290000003992BE21,164,6-12-16,2:43:00,PM,C,28
751,290000003992BE21,164,6-12-16,4:43:00,PM,C,29
751,290000003992BE21,164,6-12-16,6:43:00,PM,C,25
751,290000003992BE21,164,6-12-16,8:43:00,PM,C,17.5
751,290000003992BE21,164,6-12-16,10:43:00,PM,C,14.5
751,290000003992BE21,165,6-13-16,12:43:00,AM,C,13
751,290000003992BE21,165,6-13-16,2:43:00,AM,C,11.5
751,290000003992BE21,165,6-13-16,4:43:00,AM,C,10.5
751,290000003992BE21,165,6-13-16,6:43:00,AM,C,11
751,290000003992BE21,165,6-13-16,8:43:00,AM,C,20
751,290000003992BE21,165,6-13-16,10:43:00,AM,C,29.5
751,290000003992BE21,165,6-13-16,12:43:00,PM,C,37.5
751,290000003992BE21,165,6-13-16,2:43:00,PM,C,39
751,290000003992BE21,165,6-13-16,4:43:00,PM,C,39
751,290000003992BE21,165,6-13-16,6:43:00,PM,C,29
751,290000003992BE21,165,6-13-16,8:43:00,PM,C,19
751,290000003992BE21,165,6-13-16,10:43:00,PM,C,15
751,290000003992BE21,166,6-14-16,12:43:00,AM,C,13
751,290000003992BE21,166,6-14-16,2:43:00,AM,C,12
751,290000003992BE21,166,6-14-16,4:43:00,AM,C,11.5
751,290000003992BE21,166,6-14-16,6:43:00,AM,C,12
751,290000003992BE21,166,6-14-16,8:43:00,AM,C,19.5
751,290000003992BE21,166,6-14-16,10:43:00,AM,C,29
751,290000003992BE21,166,6-14-16,12:43:00,PM,C,36
751,290000003992BE21,166,6-14-16,2:43:00,PM,C,39
751,290000003992BE21,166,6-14-16,4:43:00,PM,C,36
751,290000003992BE21,166,6-14-16,6:43:00,PM,C,26
751,290000003992BE21,166,6-14-16,8:43:00,PM,C,17
751,290000003992BE21,166,6-14-16,10:43:00,PM,C,14
751,290000003992BE21,167,6-15-16,12:43:00,AM,C,11.5
751,290000003992BE21,167,6-15-16,2:43:00,AM,C,10
751,290000003992BE21,167,6-15-16,4:43:00,AM,C,9.5
751,290000003992BE21,167,6-15-16,6:43:00,AM,C,10.5
751,290000003992BE21,167,6-15-16,8:43:00,AM,C,18
751,290000003992BE21,167,6-15-16,10:43:00,AM,C,27
751,290000003992BE21,167,6-15-16,12:43:00,PM,C,34
751,290000003992BE21,167,6-15-16,2:43:00,PM,C,36
751,290000003992BE21,167,6-15-16,4:43:00,PM,C,32
751,290000003992BE21,167,6-15-16,6:43:00,PM,C,23.5
751,290000003992BE21,167,6-15-16,8:43:00,PM,C,15.5
751,290000003992BE21,167,6-15-16,10:43:00,PM,C,12.5
751,290000003992BE21,168,6-16-16,12:43:00,AM,C,10.5
751,290000003992BE21,168,6-16-16,2:43:00,AM,C,12.5
751,290000003992BE21,168,6-16-16,4:43:00,AM,C,11
751,290000003992BE21,168,6-16-16,6:43:00,AM,C,12.5
751,290000003992BE21,168,6-16-16,8:43:00,AM,C,21
751,290000003992BE21,168,6-16-16,10:43:00,AM,C,30.5
751,290000003992BE21,168,6-16-16,12:43:00,PM,C,37.5
751,290000003992BE21,168,6-16-16,2:43:00,PM,C,39
751,290000003992BE21,168,6-16-16,4:43:00,PM,C,35.5
751,290000003992BE21,168,6-16-16,6:43:00,PM,C,27
751,290000003992BE21,168,6-16-16,8:43:00,PM,C,19
751,290000003992BE21,168,6-16-16,10:43:00,PM,C,15.5
751,290000003992BE21,169,6-17-16,12:43:00,AM,C,13.5
751,290000003992BE21,169,6-17-16,2:43:00,AM,C,12
751,290000003992BE21,169,6-17-16,4:43:00,AM,C,11.5
751,290000003992BE21,169,6-17-16,6:43:00,AM,C,12
751,290000003992BE21,169,6-17-16,8:43:00,AM,C,22
751,290000003992BE21,169,6-17-16,10:43:00,AM,C,31.5
751,290000003992BE21,169,6-17-16,12:43:00,PM,C,39
751,290000003992BE21,169,6-17-16,2:43:00,PM,C,42.5
751,290000003992BE21,169,6-17-16,4:43:00,PM,C,38
751,290000003992BE21,169,6-17-16,6:43:00,PM,C,29.5
751,290000003992BE21,169,6-17-16,8:43:00,PM,C,21
751,290000003992BE21,169,6-17-16,10:43:00,PM,C,17.5
751,290000003992BE21,170,6-18-16,12:43:00,AM,C,15.5
751,290000003992BE21,170,6-18-16,2:43:00,AM,C,13.5
751,290000003992BE21,170,6-18-16,4:43:00,AM,C,12
751,290000003992BE21,170,6-18-16,6:43:00,AM,C,12.5
751,290000003992BE21,170,6-18-16,8:43:00,AM,C,22
751,290000003992BE21,170,6-18-16,10:43:00,AM,C,33
751,290000003992BE21,170,6-18-16,12:43:00,PM,C,41
751,290000003992BE21,170,6-18-16,2:43:00,PM,C,43
751,290000003992BE21,170,6-18-16,4:43:00,PM,C,42
751,290000003992BE21,170,6-18-16,6:43:00,PM,C,33.5
751,290000003992BE21,170,6-18-16,8:43:00,PM,C,22.5
751,290000003992BE21,170,6-18-16,10:43:00,PM,C,18
751,290000003992BE21,171,6-19-16,12:43:00,AM,C,16
751,290000003992BE21,171,6-19-16,2:43:00,AM,C,14.5
751,290000003992BE21,171,6-19-16,4:43:00,AM,C,16
751,290000003992BE21,171,6-19-16,6:43:00,AM,C,15
751,290000003992BE21,171,6-19-16,8:43:00,AM,C,27.5
751,290000003992BE21,171,6-19-16,10:43:00,AM,C,38
751,290000003992BE21,171,6-19-16,12:43:00,PM,C,44.5
751,290000003992BE21,171,6-19-16,2:43:00,PM,C,47
751,290000003992BE21,171,6-19-16,4:43:00,PM,C,44
751,290000003992BE21,171,6-19-16,6:43:00,PM,C,36
751,290000003992BE21,171,6-19-16,8:43:00,PM,C,24.5
751,290000003992BE21,171,6-19-16,10:43:00,PM,C,21.5
751,290000003992BE21,172,6-20-16,12:43:00,AM,C,20.5
751,290000003992BE21,172,6-20-16,2:43:00,AM,C,21
751,290000003992BE21,172,6-20-16,4:43:00,AM,C,18.5
751,290000003992BE21,172,6-20-16,6:43:00,AM,C,19.5
751,290000003992BE21,172,6-20-16,8:43:00,AM,C,32.5
751,290000003992BE21,172,6-20-16,10:43:00,AM,C,41
751,290000003992BE21,172,6-20-16,12:43:00,PM,C,48
751,290000003992BE21,172,6-20-16,2:43:00,PM,C,51
751,290000003992BE21,172,6-20-16,4:43:00,PM,C,49.5
751,290000003992BE21,172,6-20-16,6:43:00,PM,C,39
751,290000003992BE21,172,6-20-16,8:43:00,PM,C,28
751,290000003992BE21,172,6-20-16,10:43:00,PM,C,27
751,290000003992BE21,173,6-21-16,12:43:00,AM,C,28
751,290000003992BE21,173,6-21-16,2:43:00,AM,C,27.5
751,290000003992BE21,173,6-21-16,4:43:00,AM,C,24
751,290000003992BE21,173,6-21-16,6:43:00,AM,C,22
751,290000003992BE21,173,6-21-16,8:43:00,AM,C,33.5
751,290000003992BE21,173,6-21-16,10:43:00,AM,C,41.5
751,290000003992BE21,173,6-21-16,12:43:00,PM,C,48
751,290000003992BE21,173,6-21-16,2:43:00,PM,C,50.5
751,290000003992BE21,173,6-21-16,4:43:00,PM,C,48.5
751,290000003992BE21,173,6-21-16,6:43:00,PM,C,39
751,290000003992BE21,173,6-21-16,8:43:00,PM,C,28.5
751,290000003992BE21,173,6-21-16,10:43:00,PM,C,25
751,290000003992BE21,174,6-22-16,12:43:00,AM,C,22
751,290000003992BE21,174,6-22-16,2:43:00,AM,C,24
751,290000003992BE21,174,6-22-16,4:43:00,AM,C,20.5
751,290000003992BE21,174,6-22-16,6:43:00,AM,C,19
751,290000003992BE21,174,6-22-16,8:43:00,AM,C,29.5
751,290000003992BE21,174,6-22-16,10:43:00,AM,C,38
751,290000003992BE21,174,6-22-16,12:43:00,PM,C,45.5
751,290000003992BE21,174,6-22-16,2:43:00,PM,C,34.5
751,290000003992BE21,174,6-22-16,4:43:00,PM,C,34.5
751,290000003992BE21,174,6-22-16,6:43:00,PM,C,29
751,290000003992BE21,174,6-22-16,8:43:00,PM,C,27
751,290000003992BE21,174,6-22-16,10:43:00,PM,C,25
751,290000003992BE21,175,6-23-16,12:43:00,AM,C,24
751,290000003992BE21,175,6-23-16,2:43:00,AM,C,23.5
751,290000003992BE21,175,6-23-16,4:43:00,AM,C,23
751,290000003992BE21,175,6-23-16,6:43:00,AM,C,22.5
751,290000003992BE21,175,6-23-16,8:43:00,AM,C,22.5
751,290000003992BE21,175,6-23-16,10:43:00,AM,C,23.5
751,290000003992BE21,175,6-23-16,12:43:00,PM,C,24
751,290000003992BE21,175,6-23-16,2:43:00,PM,C,24.5
751,290000003992BE21,175,6-23-16,4:43:00,PM,C,25
751,290000003992BE21,175,6-23-16,6:43:00,PM,C,25
751,290000003992BE21,175,6-23-16,8:43:00,PM,C,23.5
